Tipo_Crime,Municipio,2008,2009,2010,2011,2012,2013,2014,2015,2016,2017,2018,2019
Violencia Domestica Conjuge ou Analogo,Águeda,57.0,63.0,82.0,70.0,90.0,103.0,117.0,84.0,83.0,86.0,92.0,104.0
Violencia Domestica Menores,Águeda,3.0,,4.0,,,6.0,5.0,,,3.0,,
Outros Violencia Domestica,Águeda,12.0,12.0,27.0,23.0,20.0,19.0,21.0,10.0,12.0,6.0,18.0,13.0
Violencia Domestica Conjuge ou Analogo,Albergaria-a-Velha,54.0,24.0,33.0,47.0,35.0,43.0,60.0,56.0,54.0,62.0,64.0,86.0
Violencia Domestica Menores,Albergaria-a-Velha,,,,,,,4.0,,,,,
Outros Violencia Domestica,Albergaria-a-Velha,3.0,3.0,,,12.0,16.0,11.0,11.0,9.0,6.0,7.0,12.0
Violencia Domestica Conjuge ou Analogo,Anadia,42.0,29.0,44.0,27.0,27.0,43.0,47.0,45.0,45.0,65.0,49.0,74.0
Violencia Domestica Menores,Anadia,3.0,,,,,,,,,,,
Outros Violencia Domestica,Anadia,9.0,4.0,6.0,9.0,8.0,9.0,6.0,11.0,7.0,16.0,14.0,11.0
Violencia Domestica Conjuge ou Analogo,Arouca,22.0,15.0,24.0,18.0,16.0,18.0,31.0,30.0,24.0,27.0,38.0,45.0
Violencia Domestica Menores,Arouca,,,,,,,,,,,,
Outros Violencia Domestica,Arouca,,,,4.0,4.0,,,4.0,4.0,6.0,7.0,8.0
Violencia Domestica Conjuge ou Analogo,Aveiro,200.0,212.0,216.0,193.0,93.0,106.0,159.0,149.0,171.0,199.0,203.0,190.0
Violencia Domestica Menores,Aveiro,6.0,13.0,,,5.0,,3.0,,4.0,,3.0,3.0
Outros Violencia Domestica,Aveiro,72.0,63.0,91.0,23.0,8.0,20.0,28.0,28.0,28.0,21.0,30.0,51.0
Violencia Domestica Conjuge ou Analogo,Castelo de Paiva,29.0,40.0,39.0,33.0,35.0,29.0,20.0,11.0,26.0,17.0,13.0,21.0
Violencia Domestica Menores,Castelo de Paiva,,6.0,,4.0,,,,,,,,
Outros Violencia Domestica,Castelo de Paiva,9.0,9.0,17.0,5.0,13.0,3.0,10.0,3.0,,4.0,5.0,3.0
Violencia Domestica Conjuge ou Analogo,Espinho,51.0,127.0,110.0,88.0,64.0,53.0,69.0,57.0,77.0,86.0,86.0,86.0
Violencia Domestica Menores,Espinho,,7.0,3.0,4.0,,,,,6.0,5.0,,3.0
Outros Violencia Domestica,Espinho,12.0,38.0,13.0,29.0,25.0,34.0,30.0,40.0,40.0,46.0,25.0,34.0
Violencia Domestica Conjuge ou Analogo,Estarreja,46.0,78.0,100.0,92.0,90.0,70.0,91.0,80.0,56.0,59.0,75.0,97.0
Violencia Domestica Menores,Estarreja,,,5.0,,,,,,,,,
Outros Violencia Domestica,Estarreja,9.0,6.0,7.0,8.0,10.0,4.0,9.0,4.0,6.0,,5.0,10.0
Violencia Domestica Conjuge ou Analogo,Santa Maria da Feira,224.0,221.0,327.0,279.0,284.0,241.0,289.0,323.0,279.0,248.0,279.0,365.0
Violencia Domestica Menores,Santa Maria da Feira,3.0,6.0,3.0,3.0,,4.0,7.0,,3.0,3.0,,
Outros Violencia Domestica,Santa Maria da Feira,32.0,22.0,51.0,19.0,21.0,18.0,21.0,27.0,35.0,41.0,49.0,50.0
Violencia Domestica Conjuge ou Analogo,Ílhavo,90.0,97.0,83.0,69.0,49.0,63.0,91.0,95.0,84.0,107.0,95.0,94.0
Violencia Domestica Menores,Ílhavo,3.0,4.0,,,,,,,,3.0,,4.0
Outros Violencia Domestica,Ílhavo,22.0,15.0,17.0,8.0,6.0,12.0,7.0,19.0,11.0,11.0,12.0,9.0
Violencia Domestica Conjuge ou Analogo,Mealhada,21.0,13.0,22.0,28.0,21.0,29.0,22.0,22.0,25.0,36.0,33.0,32.0
Violencia Domestica Menores,Mealhada,,,3.0,,,,,,,,,
Outros Violencia Domestica,Mealhada,,4.0,,5.0,3.0,7.0,,,,,,
Violencia Domestica Conjuge ou Analogo,Murtosa,37.0,29.0,20.0,34.0,25.0,28.0,23.0,24.0,25.0,33.0,24.0,25.0
Violencia Domestica Menores,Murtosa,,,,,,,,,,,,
Outros Violencia Domestica,Murtosa,4.0,9.0,11.0,,,3.0,,,4.0,5.0,,7.0
Violencia Domestica Conjuge ou Analogo,Oliveira de Azeméis,85.0,116.0,141.0,127.0,144.0,152.0,166.0,153.0,127.0,119.0,156.0,149.0
Violencia Domestica Menores,Oliveira de Azeméis,5.0,,,,,,3.0,,,,,
Outros Violencia Domestica,Oliveira de Azeméis,4.0,11.0,9.0,4.0,7.0,14.0,14.0,10.0,19.0,15.0,10.0,12.0
Violencia Domestica Conjuge ou Analogo,Oliveira do Bairro,21.0,24.0,38.0,28.0,36.0,54.0,71.0,45.0,74.0,46.0,50.0,59.0
Violencia Domestica Menores,Oliveira do Bairro,,,,4.0,,,,,3.0,,4.0,
Outros Violencia Domestica,Oliveira do Bairro,,4.0,7.0,4.0,11.0,3.0,9.0,4.0,5.0,6.0,9.0,10.0
Violencia Domestica Conjuge ou Analogo,Ovar,107.0,98.0,129.0,162.0,129.0,152.0,131.0,114.0,130.0,142.0,128.0,110.0
Violencia Domestica Menores,Ovar,4.0,,3.0,3.0,3.0,,,3.0,,,3.0,5.0
Outros Violencia Domestica,Ovar,28.0,16.0,40.0,44.0,31.0,34.0,38.0,35.0,29.0,16.0,28.0,30.0
Violencia Domestica Conjuge ou Analogo,São João da Madeira,71.0,46.0,59.0,81.0,56.0,52.0,55.0,65.0,60.0,53.0,49.0,71.0
Violencia Domestica Menores,São João da Madeira,,,4.0,,4.0,,,,4.0,,,
Outros Violencia Domestica,São João da Madeira,25.0,24.0,49.0,30.0,28.0,19.0,12.0,14.0,22.0,6.0,17.0,11.0
Violencia Domestica Conjuge ou Analogo,Sever do Vouga,29.0,17.0,23.0,14.0,19.0,34.0,25.0,24.0,18.0,16.0,15.0,21.0
Violencia Domestica Menores,Sever do Vouga,,,,,,,,,,,,
Outros Violencia Domestica,Sever do Vouga,,,,,,,3.0,,,,,3.0
Violencia Domestica Conjuge ou Analogo,Vagos,45.0,46.0,54.0,38.0,30.0,36.0,36.0,41.0,38.0,37.0,41.0,47.0
Violencia Domestica Menores,Vagos,,,,,,,,,,,,
Outros Violencia Domestica,Vagos,8.0,14.0,14.0,3.0,14.0,15.0,16.0,13.0,21.0,12.0,9.0,11.0
Violencia Domestica Conjuge ou Analogo,Vale de Cambra,47.0,40.0,37.0,38.0,24.0,38.0,27.0,19.0,20.0,13.0,29.0,35.0
Violencia Domestica Menores,Vale de Cambra,,,,,,,,,,,,
Outros Violencia Domestica,Vale de Cambra,,4.0,,,7.0,4.0,3.0,,4.0,,,5.0
Violencia Domestica Conjuge ou Analogo,Aljustrel,16.0,17.0,13.0,8.0,19.0,18.0,19.0,11.0,20.0,26.0,21.0,13.0
Violencia Domestica Menores,Aljustrel,,,,,,,,,,,,
Outros Violencia Domestica,Aljustrel,,,5.0,,10.0,9.0,5.0,5.0,8.0,5.0,6.0,8.0
Violencia Domestica Conjuge ou Analogo,Almodóvar,,,9.0,3.0,3.0,6.0,8.0,6.0,3.0,,5.0,9.0
Violencia Domestica Menores,Almodóvar,,,,,,,,,,,,
Outros Violencia Domestica,Almodóvar,,,,,4.0,,,,,,,
Violencia Domestica Conjuge ou Analogo,Alvito,7.0,,,4.0,5.0,3.0,15.0,4.0,,6.0,8.0,4.0
Violencia Domestica Menores,Alvito,,,,,,,,,,,,
Outros Violencia Domestica,Alvito,,,,,,,,,,,,
Violencia Domestica Conjuge ou Analogo,Barrancos,,,3.0,6.0,3.0,3.0,,,3.0,5.0,,3.0
Outros Violencia Domestica,Barrancos,,,,,,,,,,,,
Violencia Domestica Conjuge ou Analogo,Beja,51.0,94.0,60.0,49.0,70.0,61.0,55.0,52.0,47.0,54.0,57.0,56.0
Violencia Domestica Menores,Beja,4.0,3.0,3.0,,,3.0,,,,,,
Outros Violencia Domestica,Beja,11.0,17.0,13.0,15.0,9.0,7.0,14.0,9.0,7.0,5.0,13.0,16.0
Violencia Domestica Conjuge ou Analogo,Castro Verde,,8.0,11.0,8.0,11.0,15.0,13.0,8.0,5.0,7.0,10.0,10.0
Violencia Domestica Menores,Castro Verde,,,,,,,,,,,,
Outros Violencia Domestica,Castro Verde,3.0,,,,,,,,,,,
Violencia Domestica Conjuge ou Analogo,Cuba,7.0,4.0,6.0,5.0,11.0,8.0,13.0,13.0,7.0,6.0,6.0,10.0
Violencia Domestica Menores,Cuba,,,,,,,,,4.0,,,
Outros Violencia Domestica,Cuba,,,,,3.0,4.0,,,,,,
Violencia Domestica Conjuge ou Analogo,Ferreira do Alentejo,12.0,8.0,16.0,27.0,28.0,16.0,16.0,16.0,27.0,26.0,43.0,24.0
Violencia Domestica Menores,Ferreira do Alentejo,,,,,,,,,,,,
Outros Violencia Domestica,Ferreira do Alentejo,,,,3.0,7.0,4.0,4.0,,,,,
Violencia Domestica Conjuge ou Analogo,Mértola,,,,5.0,10.0,7.0,5.0,7.0,,6.0,7.0,5.0
Violencia Domestica Menores,Mértola,,,,,,,,,,,,
Outros Violencia Domestica,Mértola,,,,,,,,,,,6.0,
Violencia Domestica Conjuge ou Analogo,Moura,17.0,27.0,37.0,23.0,25.0,33.0,29.0,32.0,32.0,36.0,23.0,19.0
Violencia Domestica Menores,Moura,,,,,,,,,,,,
Outros Violencia Domestica,Moura,,3.0,6.0,3.0,14.0,10.0,9.0,7.0,4.0,5.0,10.0,6.0
Violencia Domestica Conjuge ou Analogo,Odemira,30.0,27.0,26.0,35.0,30.0,39.0,23.0,25.0,47.0,36.0,51.0,65.0
Violencia Domestica Menores,Odemira,,,3.0,,,,,,,,,
Outros Violencia Domestica,Odemira,,3.0,,,6.0,3.0,4.0,3.0,3.0,3.0,5.0,5.0
Violencia Domestica Conjuge ou Analogo,Ourique,5.0,4.0,9.0,,6.0,8.0,3.0,4.0,7.0,4.0,3.0,8.0
Violencia Domestica Menores,Ourique,,,,,,,,,,,,
Outros Violencia Domestica,Ourique,,,,,,,,,,,,
Violencia Domestica Conjuge ou Analogo,Serpa,13.0,7.0,22.0,15.0,9.0,21.0,7.0,10.0,19.0,23.0,22.0,25.0
Violencia Domestica Menores,Serpa,,,,,,,,,,,,
Outros Violencia Domestica,Serpa,3.0,4.0,,,,3.0,,3.0,,,5.0,5.0
Violencia Domestica Conjuge ou Analogo,Vidigueira,10.0,12.0,18.0,12.0,11.0,13.0,15.0,17.0,9.0,7.0,8.0,9.0
Violencia Domestica Menores,Vidigueira,,,,,,,,,,,,
Outros Violencia Domestica,Vidigueira,4.0,5.0,,4.0,12.0,3.0,,6.0,3.0,4.0,,
Violencia Domestica Conjuge ou Analogo,Amares,36.0,55.0,75.0,73.0,60.0,51.0,37.0,44.0,49.0,60.0,57.0,67.0
Violencia Domestica Menores,Amares,,,5.0,,,,4.0,,3.0,,,
Outros Violencia Domestica,Amares,5.0,22.0,27.0,24.0,13.0,7.0,6.0,17.0,8.0,7.0,,7.0
Violencia Domestica Conjuge ou Analogo,Barcelos,112.0,161.0,172.0,199.0,150.0,198.0,185.0,192.0,219.0,229.0,234.0,247.0
Violencia Domestica Menores,Barcelos,,,,,4.0,7.0,,,,,,9.0
Outros Violencia Domestica,Barcelos,10.0,17.0,18.0,30.0,42.0,26.0,26.0,28.0,29.0,42.0,30.0,36.0
Violencia Domestica Conjuge ou Analogo,Braga,213.0,260.0,361.0,305.0,362.0,370.0,323.0,329.0,359.0,345.0,373.0,384.0
Violencia Domestica Menores,Braga,4.0,4.0,5.0,8.0,,3.0,6.0,7.0,6.0,4.0,9.0,8.0
Outros Violencia Domestica,Braga,27.0,37.0,70.0,54.0,40.0,46.0,34.0,30.0,58.0,91.0,42.0,59.0
Violencia Domestica Conjuge ou Analogo,Cabeceiras de Basto,30.0,24.0,28.0,24.0,28.0,16.0,19.0,29.0,31.0,51.0,30.0,29.0
Violencia Domestica Menores,Cabeceiras de Basto,,,,,,,,,,,,
Outros Violencia Domestica,Cabeceiras de Basto,4.0,,7.0,5.0,6.0,,5.0,5.0,4.0,8.0,11.0,6.0
Violencia Domestica Conjuge ou Analogo,Celorico de Basto,29.0,34.0,37.0,17.0,21.0,28.0,21.0,26.0,29.0,39.0,38.0,16.0
Violencia Domestica Menores,Celorico de Basto,,6.0,,,,,,,,,,
Outros Violencia Domestica,Celorico de Basto,,6.0,4.0,4.0,,,,8.0,5.0,7.0,9.0,4.0
Violencia Domestica Conjuge ou Analogo,Esposende,77.0,86.0,66.0,41.0,70.0,41.0,64.0,64.0,64.0,66.0,48.0,63.0
Violencia Domestica Menores,Esposende,3.0,,,,,,,,,,,
Outros Violencia Domestica,Esposende,5.0,4.0,11.0,18.0,16.0,10.0,7.0,9.0,11.0,8.0,,6.0
Violencia Domestica Conjuge ou Analogo,Fafe,98.0,92.0,91.0,74.0,82.0,87.0,97.0,73.0,77.0,102.0,113.0,119.0
Violencia Domestica Menores,Fafe,,,7.0,,,,5.0,3.0,,,,3.0
Outros Violencia Domestica,Fafe,28.0,22.0,13.0,30.0,15.0,18.0,23.0,17.0,7.0,8.0,16.0,9.0
Violencia Domestica Conjuge ou Analogo,Guimarães,191.0,233.0,307.0,278.0,204.0,254.0,252.0,228.0,226.0,230.0,235.0,290.0
Violencia Domestica Menores,Guimarães,3.0,6.0,4.0,3.0,4.0,3.0,4.0,,,4.0,,3.0
Outros Violencia Domestica,Guimarães,26.0,28.0,40.0,51.0,38.0,48.0,43.0,43.0,63.0,37.0,47.0,46.0
Violencia Domestica Conjuge ou Analogo,Póvoa de Lanhoso,28.0,15.0,34.0,25.0,42.0,28.0,30.0,37.0,41.0,48.0,52.0,37.0
Violencia Domestica Menores,Póvoa de Lanhoso,,,,,,,,,,,,
Outros Violencia Domestica,Póvoa de Lanhoso,,3.0,3.0,8.0,10.0,9.0,14.0,9.0,11.0,4.0,12.0,6.0
Violencia Domestica Conjuge ou Analogo,Terras de Bouro,11.0,10.0,9.0,23.0,11.0,7.0,8.0,11.0,10.0,17.0,12.0,17.0
Violencia Domestica Menores,Terras de Bouro,,,,,,,,,,,,
Outros Violencia Domestica,Terras de Bouro,6.0,,,6.0,4.0,6.0,,,3.0,4.0,,
Violencia Domestica Conjuge ou Analogo,Vieira do Minho,29.0,14.0,18.0,17.0,26.0,23.0,15.0,20.0,16.0,24.0,15.0,23.0
Violencia Domestica Menores,Vieira do Minho,,,,,,,,,,,,
Outros Violencia Domestica,Vieira do Minho,4.0,,,3.0,6.0,4.0,5.0,4.0,8.0,5.0,3.0,5.0
Violencia Domestica Conjuge ou Analogo,Vila Nova de Famalicão,166.0,156.0,197.0,198.0,222.0,320.0,263.0,247.0,250.0,214.0,237.0,249.0
Violencia Domestica Menores,Vila Nova de Famalicão,4.0,6.0,3.0,,,6.0,6.0,3.0,4.0,3.0,,
Outros Violencia Domestica,Vila Nova de Famalicão,22.0,25.0,7.0,15.0,13.0,34.0,29.0,31.0,40.0,29.0,24.0,31.0
Violencia Domestica Conjuge ou Analogo,Vila Verde,43.0,89.0,126.0,93.0,111.0,117.0,68.0,79.0,85.0,106.0,96.0,114.0
Violencia Domestica Menores,Vila Verde,,,,,,,,3.0,,,,
Outros Violencia Domestica,Vila Verde,8.0,11.0,10.0,8.0,20.0,26.0,15.0,33.0,29.0,9.0,18.0,13.0
Violencia Domestica Conjuge ou Analogo,Vizela,31.0,34.0,42.0,45.0,44.0,47.0,39.0,28.0,38.0,24.0,25.0,37.0
Violencia Domestica Menores,Vizela,,,3.0,,,,,,,,,
Outros Violencia Domestica,Vizela,,,6.0,3.0,,,3.0,,5.0,,,3.0
Violencia Domestica Conjuge ou Analogo,Alfândega da Fé,7.0,4.0,9.0,9.0,16.0,7.0,6.0,13.0,5.0,6.0,8.0,11.0
Outros Violencia Domestica,Alfândega da Fé,,,,5.0,,,,3.0,,,,4.0
Violencia Domestica Conjuge ou Analogo,Bragança,79.0,77.0,51.0,74.0,59.0,90.0,82.0,50.0,72.0,66.0,53.0,76.0
Violencia Domestica Menores,Bragança,,3.0,,,,,3.0,,3.0,,,
Outros Violencia Domestica,Bragança,12.0,9.0,8.0,6.0,8.0,4.0,4.0,11.0,8.0,7.0,14.0,7.0
Violencia Domestica Conjuge ou Analogo,Carrazeda de Ansiães,10.0,17.0,9.0,13.0,12.0,15.0,14.0,14.0,14.0,8.0,11.0,9.0
Violencia Domestica Menores,Carrazeda de Ansiães,,,,,,,,,,,,
Outros Violencia Domestica,Carrazeda de Ansiães,,,,,5.0,,10.0,6.0,8.0,6.0,,
Violencia Domestica Conjuge ou Analogo,Freixo de Espada à Cinta,9.0,5.0,12.0,14.0,9.0,5.0,12.0,11.0,8.0,11.0,8.0,9.0
Violencia Domestica Menores,Freixo de Espada à Cinta,,,,,,,,,,,,
Outros Violencia Domestica,Freixo de Espada à Cinta,,,4.0,,3.0,,4.0,6.0,3.0,,,3.0
Violencia Domestica Conjuge ou Analogo,Macedo de Cavaleiros,14.0,18.0,41.0,25.0,26.0,30.0,27.0,32.0,42.0,37.0,32.0,39.0
Violencia Domestica Menores,Macedo de Cavaleiros,,,,,,3.0,,,,,,
Outros Violencia Domestica,Macedo de Cavaleiros,,,5.0,7.0,,10.0,16.0,14.0,9.0,3.0,,4.0
Violencia Domestica Conjuge ou Analogo,Miranda do Douro,14.0,6.0,13.0,17.0,12.0,25.0,15.0,17.0,19.0,9.0,19.0,8.0
Violencia Domestica Menores,Miranda do Douro,,,,,,,,,,,,
Outros Violencia Domestica,Miranda do Douro,,,,,4.0,,7.0,3.0,4.0,,,
Violencia Domestica Conjuge ou Analogo,Mirandela,47.0,56.0,105.0,73.0,76.0,49.0,62.0,57.0,42.0,48.0,32.0,63.0
Violencia Domestica Menores,Mirandela,,,,,4.0,,,,3.0,,,
Outros Violencia Domestica,Mirandela,4.0,5.0,6.0,13.0,17.0,26.0,29.0,18.0,22.0,26.0,12.0,13.0
Violencia Domestica Conjuge ou Analogo,Mogadouro,12.0,11.0,20.0,18.0,15.0,9.0,16.0,22.0,18.0,16.0,24.0,24.0
Violencia Domestica Menores,Mogadouro,,,,,,,,,,,,
Outros Violencia Domestica,Mogadouro,5.0,5.0,,3.0,4.0,,4.0,3.0,,3.0,4.0,3.0
Violencia Domestica Conjuge ou Analogo,Torre de Moncorvo,11.0,9.0,22.0,31.0,14.0,21.0,15.0,11.0,13.0,9.0,11.0,10.0
Violencia Domestica Menores,Torre de Moncorvo,,,,,,,,,,,,
Outros Violencia Domestica,Torre de Moncorvo,,,3.0,3.0,,6.0,3.0,6.0,7.0,,,6.0
Violencia Domestica Conjuge ou Analogo,Vila Flor,7.0,16.0,23.0,17.0,24.0,12.0,6.0,11.0,9.0,14.0,16.0,15.0
Violencia Domestica Menores,Vila Flor,,,,,,,,,,,,
Outros Violencia Domestica,Vila Flor,,,,,10.0,8.0,3.0,6.0,7.0,,3.0,
Violencia Domestica Conjuge ou Analogo,Vimioso,6.0,11.0,11.0,6.0,9.0,13.0,11.0,9.0,5.0,9.0,13.0,15.0
Violencia Domestica Menores,Vimioso,,,,,,,,,,,,
Outros Violencia Domestica,Vimioso,3.0,4.0,,,,,,3.0,,3.0,4.0,
Violencia Domestica Conjuge ou Analogo,Vinhais,4.0,,8.0,12.0,9.0,5.0,10.0,6.0,10.0,12.0,14.0,12.0
Violencia Domestica Menores,Vinhais,,,,,,,,,,,,
Outros Violencia Domestica,Vinhais,,,,,,,,,3.0,,,4.0
Violencia Domestica Conjuge ou Analogo,Belmonte,19.0,25.0,22.0,21.0,18.0,17.0,17.0,19.0,19.0,25.0,19.0,21.0
Violencia Domestica Menores,Belmonte,3.0,,,,,,,,,3.0,,
Outros Violencia Domestica,Belmonte,4.0,,8.0,7.0,11.0,8.0,5.0,5.0,8.0,,4.0,7.0
Violencia Domestica Conjuge ou Analogo,Castelo Branco,120.0,120.0,87.0,95.0,92.0,144.0,156.0,123.0,115.0,128.0,101.0,133.0
Violencia Domestica Menores,Castelo Branco,3.0,6.0,6.0,7.0,3.0,7.0,4.0,5.0,7.0,3.0,3.0,5.0
Outros Violencia Domestica,Castelo Branco,15.0,34.0,45.0,57.0,38.0,22.0,19.0,20.0,23.0,13.0,16.0,21.0
Violencia Domestica Conjuge ou Analogo,Covilhã,124.0,88.0,132.0,101.0,91.0,82.0,106.0,97.0,113.0,100.0,131.0,143.0
Violencia Domestica Menores,Covilhã,4.0,,5.0,,,,,,,,4.0,
Outros Violencia Domestica,Covilhã,6.0,8.0,36.0,33.0,28.0,26.0,25.0,21.0,20.0,22.0,31.0,42.0
Violencia Domestica Conjuge ou Analogo,Fundão,50.0,48.0,51.0,38.0,32.0,40.0,43.0,59.0,48.0,44.0,57.0,68.0
Violencia Domestica Menores,Fundão,,,,,,,,,,,3.0,4.0
Outros Violencia Domestica,Fundão,4.0,4.0,3.0,6.0,7.0,12.0,16.0,11.0,4.0,3.0,9.0,14.0
Violencia Domestica Conjuge ou Analogo,Idanha-a-Nova,7.0,13.0,18.0,15.0,15.0,14.0,12.0,10.0,14.0,14.0,17.0,20.0
Violencia Domestica Menores,Idanha-a-Nova,,,,,,,,,,,,
Outros Violencia Domestica,Idanha-a-Nova,,,,4.0,4.0,3.0,,,5.0,15.0,,7.0
Violencia Domestica Conjuge ou Analogo,Oleiros,,9.0,9.0,21.0,15.0,6.0,8.0,11.0,9.0,12.0,6.0,3.0
Violencia Domestica Menores,Oleiros,,,,,,,,,3.0,,,
Outros Violencia Domestica,Oleiros,,,,,,,3.0,,,,,5.0
Violencia Domestica Conjuge ou Analogo,Penamacor,,5.0,7.0,10.0,17.0,14.0,11.0,5.0,13.0,14.0,10.0,14.0
Violencia Domestica Menores,Penamacor,,,,,,,,,,,,
Outros Violencia Domestica,Penamacor,,,,,3.0,,6.0,4.0,4.0,,,3.0
Violencia Domestica Conjuge ou Analogo,Proença-a-Nova,3.0,14.0,6.0,9.0,3.0,,,4.0,9.0,8.0,4.0,16.0
Violencia Domestica Menores,Proença-a-Nova,,,,,,,,3.0,,,,
Outros Violencia Domestica,Proença-a-Nova,,17.0,10.0,5.0,6.0,,,,5.0,,,
Violencia Domestica Conjuge ou Analogo,Sertã,18.0,21.0,19.0,17.0,14.0,34.0,20.0,17.0,22.0,17.0,25.0,44.0
Violencia Domestica Menores,Sertã,,,,,,,,,,,,
Outros Violencia Domestica,Sertã,,4.0,,,3.0,4.0,8.0,6.0,3.0,10.0,,8.0
Violencia Domestica Conjuge ou Analogo,Vila de Rei,,3.0,6.0,,6.0,,,9.0,4.0,7.0,4.0,3.0
Outros Violencia Domestica,Vila de Rei,,,3.0,6.0,3.0,,,,,,,
Violencia Domestica Conjuge ou Analogo,Vila Velha de Ródão,,,3.0,3.0,3.0,4.0,4.0,8.0,3.0,7.0,8.0,3.0
Violencia Domestica Menores,Vila Velha de Ródão,,,,,,,,,,,,
Outros Violencia Domestica,Vila Velha de Ródão,,,3.0,,,,,,4.0,,4.0,
Violencia Domestica Conjuge ou Analogo,Arganil,33.0,23.0,27.0,20.0,15.0,25.0,19.0,27.0,29.0,18.0,22.0,21.0
Violencia Domestica Menores,Arganil,,,,,,,,,,,,
Outros Violencia Domestica,Arganil,25.0,6.0,13.0,6.0,,,5.0,4.0,4.0,6.0,,
Violencia Domestica Conjuge ou Analogo,Cantanhede,66.0,64.0,82.0,87.0,91.0,77.0,97.0,112.0,95.0,74.0,82.0,92.0
Violencia Domestica Menores,Cantanhede,,,,,,,,4.0,,,,5.0
Outros Violencia Domestica,Cantanhede,3.0,17.0,6.0,,5.0,10.0,12.0,9.0,7.0,8.0,13.0,14.0
Violencia Domestica Conjuge ou Analogo,Coimbra,380.0,356.0,346.0,372.0,365.0,385.0,394.0,356.0,342.0,321.0,276.0,264.0
Violencia Domestica Menores,Coimbra,12.0,3.0,7.0,6.0,6.0,10.0,4.0,9.0,4.0,5.0,5.0,9.0
Outros Violencia Domestica,Coimbra,32.0,27.0,33.0,25.0,39.0,39.0,53.0,65.0,59.0,43.0,42.0,43.0
Violencia Domestica Conjuge ou Analogo,Condeixa-a-Nova,29.0,32.0,43.0,36.0,33.0,38.0,39.0,35.0,25.0,26.0,14.0,17.0
Violencia Domestica Menores,Condeixa-a-Nova,,,,,,,,3.0,,,,
Outros Violencia Domestica,Condeixa-a-Nova,3.0,4.0,,,,4.0,,,6.0,4.0,,
Violencia Domestica Conjuge ou Analogo,Figueira da Foz,85.0,137.0,138.0,144.0,139.0,152.0,137.0,115.0,130.0,116.0,134.0,155.0
Violencia Domestica Menores,Figueira da Foz,3.0,,,,6.0,,6.0,4.0,,3.0,,
Outros Violencia Domestica,Figueira da Foz,15.0,19.0,15.0,13.0,3.0,9.0,9.0,6.0,6.0,9.0,14.0,21.0
Violencia Domestica Conjuge ou Analogo,Góis,29.0,13.0,11.0,8.0,5.0,3.0,11.0,3.0,11.0,3.0,10.0,6.0
Violencia Domestica Menores,Góis,,,,,,,,,,,,
Outros Violencia Domestica,Góis,,,,,,,,,3.0,,,
Violencia Domestica Conjuge ou Analogo,Lousã,61.0,62.0,51.0,52.0,47.0,33.0,32.0,35.0,37.0,31.0,26.0,33.0
Violencia Domestica Menores,Lousã,3.0,,,,,,,,,,,
Outros Violencia Domestica,Lousã,11.0,4.0,3.0,4.0,,,4.0,,,4.0,8.0,
Violencia Domestica Conjuge ou Analogo,Mira,17.0,11.0,11.0,13.0,18.0,30.0,33.0,25.0,25.0,33.0,25.0,42.0
Violencia Domestica Menores,Mira,,,,,,,,,,,,
Outros Violencia Domestica,Mira,8.0,3.0,,,,4.0,4.0,3.0,,3.0,8.0,5.0
Violencia Domestica Conjuge ou Analogo,Miranda do Corvo,30.0,28.0,33.0,20.0,25.0,27.0,27.0,27.0,21.0,19.0,25.0,18.0
Violencia Domestica Menores,Miranda do Corvo,3.0,,,,,,,,,,,
Outros Violencia Domestica,Miranda do Corvo,5.0,,4.0,,4.0,,,,,,,3.0
Violencia Domestica Conjuge ou Analogo,Montemor-o-Velho,64.0,77.0,85.0,66.0,54.0,57.0,47.0,50.0,62.0,49.0,36.0,41.0
Violencia Domestica Menores,Montemor-o-Velho,,,3.0,,,,,,,,,3.0
Outros Violencia Domestica,Montemor-o-Velho,5.0,9.0,3.0,,7.0,10.0,13.0,7.0,9.0,5.0,8.0,10.0
Violencia Domestica Conjuge ou Analogo,Oliveira do Hospital,24.0,46.0,30.0,34.0,18.0,50.0,34.0,27.0,36.0,27.0,27.0,42.0
Violencia Domestica Menores,Oliveira do Hospital,,,,,,,,,,,,
Outros Violencia Domestica,Oliveira do Hospital,3.0,3.0,,,,,,3.0,,,3.0,10.0
Violencia Domestica Conjuge ou Analogo,Pampilhosa da Serra,12.0,6.0,7.0,3.0,5.0,6.0,,,7.0,,7.0,5.0
Outros Violencia Domestica,Pampilhosa da Serra,4.0,,4.0,,,,,,,,3.0,3.0
Violencia Domestica Conjuge ou Analogo,Penacova,25.0,32.0,22.0,17.0,17.0,26.0,40.0,26.0,29.0,35.0,24.0,11.0
Violencia Domestica Menores,Penacova,,,,,,,,,,,,
Outros Violencia Domestica,Penacova,5.0,3.0,,,,,,,,,,4.0
Violencia Domestica Conjuge ou Analogo,Penela,5.0,10.0,6.0,9.0,7.0,13.0,16.0,6.0,11.0,11.0,7.0,10.0
Outros Violencia Domestica,Penela,,,3.0,,,,,5.0,,,,
Violencia Domestica Conjuge ou Analogo,Soure,13.0,26.0,12.0,14.0,27.0,29.0,31.0,34.0,34.0,26.0,31.0,16.0
Violencia Domestica Menores,Soure,,,,,,,,,,,,
Outros Violencia Domestica,Soure,,6.0,3.0,3.0,8.0,8.0,3.0,7.0,7.0,11.0,8.0,10.0
Violencia Domestica Conjuge ou Analogo,Tábua,30.0,21.0,26.0,42.0,28.0,32.0,36.0,12.0,26.0,20.0,20.0,26.0
Violencia Domestica Menores,Tábua,,,4.0,,,,,,,,,
Outros Violencia Domestica,Tábua,,,,,5.0,8.0,6.0,3.0,6.0,,,4.0
Violencia Domestica Conjuge ou Analogo,Vila Nova de Poiares,20.0,12.0,22.0,12.0,9.0,19.0,9.0,11.0,12.0,13.0,16.0,16.0
Violencia Domestica Menores,Vila Nova de Poiares,,,,,,,,,,,,
Outros Violencia Domestica,Vila Nova de Poiares,,,,,,,,,,,,
Violencia Domestica Conjuge ou Analogo,Alandroal,8.0,4.0,8.0,11.0,5.0,3.0,4.0,,7.0,,4.0,14.0
Violencia Domestica Menores,Alandroal,,,,,,,,,,,,
Outros Violencia Domestica,Alandroal,,,,3.0,,,,,,,3.0,
Violencia Domestica Conjuge ou Analogo,Arraiolos,7.0,14.0,16.0,7.0,8.0,8.0,12.0,11.0,14.0,12.0,14.0,5.0
Violencia Domestica Menores,Arraiolos,,,,,,,,,,,,
Outros Violencia Domestica,Arraiolos,,,,5.0,,,,3.0,3.0,,,
Violencia Domestica Conjuge ou Analogo,Borba,4.0,15.0,13.0,12.0,8.0,11.0,5.0,6.0,11.0,13.0,12.0,11.0
Violencia Domestica Menores,Borba,,,,,,,,,,,,
Outros Violencia Domestica,Borba,,,,,3.0,,,,,,,
Violencia Domestica Conjuge ou Analogo,Estremoz,12.0,17.0,13.0,27.0,13.0,31.0,13.0,19.0,19.0,26.0,17.0,20.0
Violencia Domestica Menores,Estremoz,,,,,,,,,,,,
Outros Violencia Domestica,Estremoz,,,7.0,,,4.0,3.0,4.0,,4.0,7.0,8.0
Violencia Domestica Conjuge ou Analogo,Évora,114.0,167.0,144.0,166.0,143.0,135.0,112.0,139.0,141.0,128.0,124.0,114.0
Violencia Domestica Menores,Évora,,3.0,3.0,3.0,,,,,,,,6.0
Outros Violencia Domestica,Évora,15.0,9.0,15.0,13.0,14.0,19.0,20.0,14.0,19.0,30.0,11.0,19.0
Violencia Domestica Conjuge ou Analogo,Montemor-o-Novo,21.0,34.0,32.0,24.0,29.0,21.0,20.0,26.0,18.0,26.0,17.0,11.0
Violencia Domestica Menores,Montemor-o-Novo,,,4.0,,6.0,,,,,,,5.0
Outros Violencia Domestica,Montemor-o-Novo,4.0,5.0,,4.0,,,,,,,4.0,4.0
Violencia Domestica Conjuge ou Analogo,Mora,8.0,,10.0,13.0,10.0,14.0,9.0,8.0,16.0,11.0,12.0,12.0
Violencia Domestica Menores,Mora,,,,,,,,,,,,
Outros Violencia Domestica,Mora,,,,,,,,,,,,
Violencia Domestica Conjuge ou Analogo,Mourão,3.0,3.0,7.0,4.0,4.0,9.0,5.0,,5.0,5.0,5.0,5.0
Violencia Domestica Menores,Mourão,,,,,,,,,,,,
Outros Violencia Domestica,Mourão,,,,,,,,,,,,
Violencia Domestica Conjuge ou Analogo,Portel,6.0,4.0,4.0,5.0,10.0,11.0,5.0,6.0,15.0,11.0,11.0,10.0
Violencia Domestica Menores,Portel,,,,,,,,,,,,
Outros Violencia Domestica,Portel,,,,,,,,,,,,
Violencia Domestica Conjuge ou Analogo,Redondo,4.0,27.0,23.0,15.0,18.0,23.0,29.0,13.0,20.0,15.0,21.0,18.0
Violencia Domestica Menores,Redondo,,,,,,,,,,,,
Outros Violencia Domestica,Redondo,5.0,,5.0,4.0,,,,3.0,,,,
Violencia Domestica Conjuge ou Analogo,Reguengos de Monsaraz,10.0,16.0,20.0,20.0,24.0,18.0,26.0,33.0,29.0,14.0,32.0,22.0
Violencia Domestica Menores,Reguengos de Monsaraz,,,,,,,,,,,,
Outros Violencia Domestica,Reguengos de Monsaraz,4.0,3.0,,3.0,,,3.0,,,,4.0,6.0
Violencia Domestica Conjuge ou Analogo,Vendas Novas,26.0,17.0,32.0,49.0,72.0,26.0,38.0,40.0,32.0,57.0,38.0,51.0
Violencia Domestica Menores,Vendas Novas,,,,,3.0,,,,,,,4.0
Outros Violencia Domestica,Vendas Novas,,4.0,,,,9.0,9.0,,3.0,,,3.0
Violencia Domestica Conjuge ou Analogo,Viana do Alentejo,14.0,17.0,14.0,17.0,26.0,9.0,6.0,13.0,15.0,6.0,11.0,11.0
Violencia Domestica Menores,Viana do Alentejo,,,,,,,,,,,,
Outros Violencia Domestica,Viana do Alentejo,,3.0,3.0,5.0,3.0,,5.0,,,,,3.0
Violencia Domestica Conjuge ou Analogo,Vila Viçosa,6.0,6.0,11.0,3.0,8.0,8.0,10.0,7.0,9.0,9.0,7.0,8.0
Outros Violencia Domestica,Vila Viçosa,,,,,,,,,,,,
Violencia Domestica Conjuge ou Analogo,Albufeira,68.0,106.0,143.0,143.0,149.0,121.0,112.0,135.0,140.0,124.0,107.0,129.0
Violencia Domestica Menores,Albufeira,4.0,,,,13.0,,5.0,,,,,5.0
Outros Violencia Domestica,Albufeira,6.0,,4.0,,,,,,4.0,12.0,16.0,16.0
Violencia Domestica Conjuge ou Analogo,Alcoutim,3.0,3.0,6.0,3.0,6.0,,3.0,,4.0,4.0,5.0,5.0
Outros Violencia Domestica,Alcoutim,,,,,,,,,,,,
Violencia Domestica Conjuge ou Analogo,Aljezur,5.0,5.0,3.0,4.0,13.0,8.0,7.0,4.0,7.0,3.0,9.0,12.0
Violencia Domestica Menores,Aljezur,,,,,,,,,,,,
Outros Violencia Domestica,Aljezur,,,,,,,,,,4.0,3.0,
Violencia Domestica Conjuge ou Analogo,Castro Marim,11.0,15.0,9.0,10.0,9.0,7.0,7.0,11.0,5.0,8.0,11.0,11.0
Violencia Domestica Menores,Castro Marim,,,,,,,,,,,,
Outros Violencia Domestica,Castro Marim,,3.0,3.0,,6.0,,,,,,,
Violencia Domestica Conjuge ou Analogo,Faro,144.0,102.0,196.0,166.0,171.0,165.0,189.0,187.0,179.0,196.0,162.0,223.0
Violencia Domestica Menores,Faro,10.0,8.0,4.0,,,5.0,,,4.0,6.0,4.0,
Outros Violencia Domestica,Faro,37.0,27.0,60.0,78.0,54.0,51.0,50.0,64.0,52.0,47.0,25.0,28.0
Violencia Domestica Conjuge ou Analogo,Lagoa,56.0,62.0,75.0,44.0,33.0,53.0,49.0,58.0,68.0,60.0,61.0,79.0
Violencia Domestica Menores,Lagoa,8.0,,3.0,,,,,,,,,
Outros Violencia Domestica,Lagoa,4.0,6.0,16.0,13.0,3.0,,10.0,3.0,8.0,8.0,6.0,8.0
Violencia Domestica Conjuge ou Analogo,Lagos,69.0,72.0,78.0,68.0,50.0,58.0,86.0,58.0,56.0,61.0,68.0,63.0
Violencia Domestica Menores,Lagos,6.0,,,,,,,,,5.0,,
Outros Violencia Domestica,Lagos,5.0,5.0,20.0,8.0,11.0,8.0,12.0,9.0,10.0,18.0,19.0,22.0
Violencia Domestica Conjuge ou Analogo,Loulé,104.0,127.0,149.0,136.0,161.0,148.0,148.0,146.0,214.0,222.0,214.0,267.0
Violencia Domestica Menores,Loulé,3.0,6.0,3.0,4.0,7.0,5.0,,,4.0,,7.0,6.0
Outros Violencia Domestica,Loulé,6.0,31.0,46.0,59.0,73.0,80.0,74.0,74.0,20.0,20.0,31.0,34.0
Violencia Domestica Conjuge ou Analogo,Monchique,5.0,3.0,7.0,5.0,3.0,,4.0,5.0,9.0,8.0,8.0,7.0
Violencia Domestica Menores,Monchique,,,,,,,,,,,,
Outros Violencia Domestica,Monchique,3.0,,,3.0,3.0,,,,,,3.0,
Violencia Domestica Conjuge ou Analogo,Olhão,116.0,128.0,138.0,156.0,141.0,138.0,131.0,146.0,136.0,122.0,130.0,122.0
Violencia Domestica Menores,Olhão,6.0,4.0,3.0,,,4.0,6.0,,,3.0,6.0,5.0
Outros Violencia Domestica,Olhão,7.0,25.0,14.0,9.0,15.0,13.0,12.0,8.0,16.0,43.0,32.0,27.0
Violencia Domestica Conjuge ou Analogo,Portimão,145.0,170.0,168.0,168.0,135.0,125.0,141.0,124.0,129.0,184.0,163.0,172.0
Violencia Domestica Menores,Portimão,6.0,6.0,6.0,5.0,,,,,,,5.0,3.0
Outros Violencia Domestica,Portimão,52.0,22.0,23.0,25.0,32.0,37.0,23.0,12.0,10.0,14.0,7.0,9.0
Violencia Domestica Conjuge ou Analogo,São Brás de Alportel,16.0,13.0,13.0,19.0,12.0,12.0,15.0,33.0,22.0,19.0,33.0,30.0
Violencia Domestica Menores,São Brás de Alportel,,,,3.0,,,,,,,,
Outros Violencia Domestica,São Brás de Alportel,,,,,5.0,,,10.0,5.0,8.0,8.0,6.0
Violencia Domestica Conjuge ou Analogo,Silves,62.0,91.0,100.0,58.0,77.0,72.0,75.0,83.0,76.0,76.0,91.0,132.0
Violencia Domestica Menores,Silves,6.0,3.0,,,,3.0,,,6.0,3.0,3.0,
Outros Violencia Domestica,Silves,7.0,9.0,14.0,4.0,13.0,10.0,9.0,10.0,14.0,8.0,17.0,25.0
Violencia Domestica Conjuge ou Analogo,Tavira,48.0,33.0,53.0,41.0,40.0,47.0,39.0,53.0,61.0,50.0,45.0,54.0
Violencia Domestica Menores,Tavira,4.0,,,,,,,,,,,
Outros Violencia Domestica,Tavira,11.0,15.0,5.0,12.0,7.0,4.0,10.0,13.0,10.0,14.0,16.0,18.0
Violencia Domestica Conjuge ou Analogo,Vila do Bispo,8.0,6.0,11.0,8.0,12.0,10.0,,,5.0,9.0,14.0,9.0
Violencia Domestica Menores,Vila do Bispo,,,,,,,,,,,,
Outros Violencia Domestica,Vila do Bispo,,,,,,,,,3.0,,3.0,3.0
Violencia Domestica Conjuge ou Analogo,Vila Real de Santo António,38.0,49.0,53.0,57.0,67.0,61.0,55.0,51.0,66.0,63.0,48.0,62.0
Violencia Domestica Menores,Vila Real de Santo António,,,,,3.0,,,,,,,
Outros Violencia Domestica,Vila Real de Santo António,4.0,4.0,6.0,6.0,5.0,8.0,22.0,9.0,11.0,7.0,19.0,12.0
Violencia Domestica Conjuge ou Analogo,Aguiar da Beira,5.0,5.0,4.0,4.0,3.0,5.0,6.0,,9.0,5.0,8.0,
Outros Violencia Domestica,Aguiar da Beira,,,,,,,,,3.0,,,
Violencia Domestica Conjuge ou Analogo,Almeida,8.0,5.0,10.0,9.0,7.0,13.0,16.0,8.0,10.0,13.0,14.0,3.0
Violencia Domestica Menores,Almeida,,,,,,,,,,,,3.0
Outros Violencia Domestica,Almeida,,,,,4.0,,,4.0,,3.0,3.0,4.0
Violencia Domestica Conjuge ou Analogo,Celorico da Beira,5.0,12.0,8.0,16.0,14.0,23.0,28.0,25.0,21.0,18.0,15.0,17.0
Violencia Domestica Menores,Celorico da Beira,,,,,,,,,,,,
Outros Violencia Domestica,Celorico da Beira,,,,,,,3.0,4.0,,,,4.0
Violencia Domestica Conjuge ou Analogo,Figueira de Castelo Rodrigo,5.0,7.0,8.0,11.0,11.0,15.0,14.0,15.0,7.0,13.0,13.0,11.0
Violencia Domestica Menores,Figueira de Castelo Rodrigo,,,,,,,3.0,,,,,
Outros Violencia Domestica,Figueira de Castelo Rodrigo,,,,3.0,,,,,,,,
Violencia Domestica Conjuge ou Analogo,Fornos de Algodres,7.0,5.0,3.0,5.0,3.0,5.0,3.0,3.0,6.0,7.0,11.0,3.0
Violencia Domestica Menores,Fornos de Algodres,,,,,,,,,,,,
Outros Violencia Domestica,Fornos de Algodres,,3.0,,,,,,,,,,
Violencia Domestica Conjuge ou Analogo,Gouveia,16.0,20.0,17.0,19.0,18.0,23.0,25.0,27.0,17.0,19.0,14.0,29.0
Violencia Domestica Menores,Gouveia,,,,,,,,,,,,
Outros Violencia Domestica,Gouveia,,,7.0,,4.0,,5.0,3.0,5.0,,4.0,4.0
Violencia Domestica Conjuge ou Analogo,Guarda,65.0,51.0,77.0,67.0,84.0,64.0,79.0,91.0,78.0,75.0,73.0,91.0
Violencia Domestica Menores,Guarda,3.0,,,,3.0,,,4.0,3.0,5.0,4.0,
Outros Violencia Domestica,Guarda,4.0,6.0,9.0,6.0,11.0,12.0,13.0,6.0,7.0,7.0,12.0,13.0
Violencia Domestica Conjuge ou Analogo,Manteigas,5.0,4.0,5.0,15.0,9.0,14.0,14.0,12.0,3.0,6.0,7.0,
Violencia Domestica Menores,Manteigas,,,,,,,,,,,,
Outros Violencia Domestica,Manteigas,,,,,,,,3.0,,,,
Violencia Domestica Conjuge ou Analogo,Meda,10.0,10.0,10.0,8.0,4.0,3.0,13.0,9.0,7.0,20.0,13.0,14.0
Violencia Domestica Menores,Meda,,,,,,,,3.0,,,,
Outros Violencia Domestica,Meda,,,,,3.0,,,,,,,
Violencia Domestica Conjuge ou Analogo,Pinhel,9.0,7.0,5.0,5.0,,8.0,4.0,8.0,10.0,14.0,15.0,27.0
Violencia Domestica Menores,Pinhel,,,,,,,,,,,,3.0
Outros Violencia Domestica,Pinhel,,,,,,,,3.0,,,,3.0
Violencia Domestica Conjuge ou Analogo,Sabugal,4.0,8.0,7.0,9.0,8.0,7.0,19.0,13.0,15.0,15.0,14.0,19.0
Violencia Domestica Menores,Sabugal,,,,,,,,,,,,
Outros Violencia Domestica,Sabugal,,,,,,,,3.0,,,,
Violencia Domestica Conjuge ou Analogo,Seia,36.0,39.0,56.0,62.0,50.0,51.0,56.0,76.0,68.0,71.0,60.0,70.0
Violencia Domestica Menores,Seia,3.0,,3.0,3.0,4.0,,,,3.0,3.0,5.0,4.0
Outros Violencia Domestica,Seia,8.0,12.0,8.0,9.0,7.0,4.0,4.0,5.0,,10.0,7.0,10.0
Violencia Domestica Conjuge ou Analogo,Trancoso,15.0,24.0,14.0,13.0,11.0,22.0,17.0,23.0,19.0,20.0,23.0,24.0
Violencia Domestica Menores,Trancoso,,,5.0,,,,,,,,,
Outros Violencia Domestica,Trancoso,5.0,3.0,3.0,,3.0,,,,,,,4.0
Violencia Domestica Conjuge ou Analogo,Vila Nova de Foz Côa,8.0,10.0,19.0,15.0,6.0,17.0,19.0,24.0,18.0,31.0,34.0,29.0
Violencia Domestica Menores,Vila Nova de Foz Côa,,3.0,,,,,,3.0,,,,
Outros Violencia Domestica,Vila Nova de Foz Côa,,,,,,3.0,,3.0,,5.0,4.0,10.0
Violencia Domestica Conjuge ou Analogo,Alcobaça,76.0,73.0,120.0,112.0,85.0,87.0,96.0,69.0,79.0,64.0,55.0,59.0
Violencia Domestica Menores,Alcobaça,7.0,4.0,,5.0,,,,3.0,,,,
Outros Violencia Domestica,Alcobaça,12.0,5.0,21.0,24.0,29.0,24.0,29.0,30.0,23.0,20.0,23.0,31.0
Violencia Domestica Conjuge ou Analogo,Alvaiázere,14.0,10.0,20.0,15.0,13.0,9.0,5.0,7.0,13.0,15.0,8.0,11.0
Violencia Domestica Menores,Alvaiázere,3.0,,,,,3.0,,,,,,
Outros Violencia Domestica,Alvaiázere,,,,,3.0,,,,,,,
Violencia Domestica Conjuge ou Analogo,Ansião,45.0,32.0,25.0,16.0,29.0,17.0,15.0,13.0,19.0,11.0,22.0,12.0
Violencia Domestica Menores,Ansião,,,,,,,,,,,,
Outros Violencia Domestica,Ansião,16.0,10.0,7.0,3.0,6.0,9.0,5.0,,,,,
Violencia Domestica Conjuge ou Analogo,Batalha,33.0,37.0,47.0,27.0,24.0,24.0,29.0,32.0,18.0,31.0,31.0,29.0
Violencia Domestica Menores,Batalha,,,,4.0,,,3.0,,,,,
Outros Violencia Domestica,Batalha,4.0,14.0,10.0,16.0,12.0,13.0,20.0,10.0,5.0,9.0,5.0,8.0
Violencia Domestica Conjuge ou Analogo,Bombarral,37.0,43.0,45.0,29.0,46.0,40.0,26.0,20.0,14.0,23.0,28.0,27.0
Violencia Domestica Menores,Bombarral,,,,,,,,,,,,
Outros Violencia Domestica,Bombarral,6.0,,3.0,,6.0,6.0,3.0,,,3.0,3.0,
Violencia Domestica Conjuge ou Analogo,Caldas da Rainha,176.0,160.0,75.0,41.0,38.0,32.0,32.0,63.0,79.0,92.0,65.0,91.0
Violencia Domestica Menores,Caldas da Rainha,3.0,10.0,3.0,,,,,3.0,,,,4.0
Outros Violencia Domestica,Caldas da Rainha,25.0,19.0,15.0,15.0,5.0,11.0,5.0,4.0,17.0,23.0,23.0,42.0
Violencia Domestica Conjuge ou Analogo,Castanheira de Pêra,6.0,4.0,5.0,9.0,4.0,10.0,6.0,7.0,5.0,7.0,8.0,10.0
Violencia Domestica Menores,Castanheira de Pêra,,,,,,,,,,,,
Outros Violencia Domestica,Castanheira de Pêra,,,,,,,3.0,,,,,
Violencia Domestica Conjuge ou Analogo,Figueiró dos Vinhos,11.0,8.0,18.0,8.0,15.0,10.0,10.0,13.0,9.0,10.0,6.0,11.0
Violencia Domestica Menores,Figueiró dos Vinhos,,,,,,,,,,,,
Outros Violencia Domestica,Figueiró dos Vinhos,3.0,5.0,3.0,3.0,,,3.0,5.0,,,,
Violencia Domestica Conjuge ou Analogo,Leiria,190.0,206.0,227.0,251.0,233.0,224.0,240.0,266.0,214.0,220.0,214.0,217.0
Violencia Domestica Menores,Leiria,6.0,9.0,5.0,5.0,10.0,6.0,,,3.0,3.0,,8.0
Outros Violencia Domestica,Leiria,28.0,24.0,33.0,18.0,32.0,22.0,16.0,17.0,17.0,29.0,31.0,47.0
Violencia Domestica Conjuge ou Analogo,Marinha Grande,107.0,117.0,167.0,115.0,96.0,109.0,97.0,81.0,109.0,103.0,108.0,112.0
Violencia Domestica Menores,Marinha Grande,,,4.0,3.0,,,,,,,3.0,
Outros Violencia Domestica,Marinha Grande,4.0,7.0,11.0,14.0,11.0,13.0,17.0,20.0,6.0,15.0,13.0,24.0
Violencia Domestica Conjuge ou Analogo,Nazaré,18.0,41.0,41.0,27.0,36.0,29.0,25.0,27.0,25.0,46.0,27.0,42.0
Violencia Domestica Menores,Nazaré,,,,,,,,,,,,
Outros Violencia Domestica,Nazaré,,6.0,6.0,4.0,11.0,8.0,3.0,5.0,8.0,9.0,6.0,15.0
Violencia Domestica Conjuge ou Analogo,Óbidos,20.0,19.0,4.0,11.0,5.0,5.0,11.0,16.0,8.0,5.0,11.0,10.0
Violencia Domestica Menores,Óbidos,,3.0,,,,,,,,,,
Outros Violencia Domestica,Óbidos,,,,4.0,,,4.0,,4.0,4.0,3.0,3.0
Violencia Domestica Conjuge ou Analogo,Pedrógão Grande,9.0,3.0,3.0,7.0,8.0,12.0,6.0,10.0,9.0,7.0,11.0,10.0
Violencia Domestica Menores,Pedrógão Grande,,,,,,,,,,,,
Outros Violencia Domestica,Pedrógão Grande,,,,,3.0,,,,,,5.0,4.0
Violencia Domestica Conjuge ou Analogo,Peniche,27.0,27.0,55.0,29.0,32.0,21.0,25.0,21.0,29.0,24.0,35.0,45.0
Violencia Domestica Menores,Peniche,4.0,,,,,,,3.0,,,3.0,
Outros Violencia Domestica,Peniche,10.0,5.0,13.0,9.0,4.0,4.0,13.0,8.0,7.0,3.0,11.0,18.0
Violencia Domestica Conjuge ou Analogo,Pombal,87.0,87.0,104.0,112.0,84.0,73.0,97.0,75.0,52.0,55.0,58.0,79.0
Violencia Domestica Menores,Pombal,,5.0,,4.0,4.0,5.0,,,,,,
Outros Violencia Domestica,Pombal,15.0,18.0,18.0,20.0,36.0,23.0,29.0,14.0,21.0,10.0,17.0,6.0
Violencia Domestica Conjuge ou Analogo,Porto de Mós,39.0,59.0,68.0,56.0,40.0,28.0,34.0,47.0,41.0,39.0,34.0,59.0
Violencia Domestica Menores,Porto de Mós,6.0,5.0,,,,,,,,,,
Outros Violencia Domestica,Porto de Mós,5.0,9.0,21.0,15.0,12.0,11.0,9.0,5.0,4.0,4.0,4.0,3.0
Violencia Domestica Conjuge ou Analogo,Alenquer,97.0,99.0,110.0,94.0,69.0,64.0,62.0,47.0,48.0,74.0,70.0,71.0
Violencia Domestica Menores,Alenquer,4.0,3.0,5.0,3.0,3.0,,3.0,,,,,5.0
Outros Violencia Domestica,Alenquer,9.0,11.0,10.0,7.0,10.0,6.0,5.0,4.0,3.0,3.0,10.0,12.0
Violencia Domestica Conjuge ou Analogo,Amadora,439.0,631.0,421.0,314.0,306.0,275.0,394.0,435.0,460.0,537.0,474.0,511.0
Violencia Domestica Menores,Amadora,6.0,8.0,11.0,7.0,12.0,8.0,13.0,9.0,11.0,8.0,7.0,10.0
Outros Violencia Domestica,Amadora,31.0,97.0,65.0,104.0,53.0,33.0,54.0,49.0,64.0,68.0,55.0,56.0
Violencia Domestica Conjuge ou Analogo,Arruda dos Vinhos,47.0,11.0,17.0,10.0,13.0,18.0,19.0,23.0,29.0,21.0,31.0,34.0
Violencia Domestica Menores,Arruda dos Vinhos,,,,,,,4.0,,,,,
Outros Violencia Domestica,Arruda dos Vinhos,,,,,5.0,,,3.0,3.0,3.0,7.0,5.0
Violencia Domestica Conjuge ou Analogo,Azambuja,50.0,46.0,44.0,57.0,35.0,47.0,46.0,41.0,37.0,23.0,35.0,53.0
Violencia Domestica Menores,Azambuja,,,,,,,,,,,,
Outros Violencia Domestica,Azambuja,4.0,,,,4.0,,4.0,8.0,11.0,3.0,10.0,15.0
Violencia Domestica Conjuge ou Analogo,Cadaval,8.0,15.0,28.0,34.0,28.0,16.0,19.0,17.0,32.0,27.0,33.0,23.0
Violencia Domestica Menores,Cadaval,,,3.0,,,,,,,,,
Outros Violencia Domestica,Cadaval,,5.0,,3.0,8.0,,,,8.0,5.0,3.0,4.0
Violencia Domestica Conjuge ou Analogo,Cascais,93.0,266.0,522.0,565.0,537.0,450.0,431.0,444.0,424.0,426.0,385.0,425.0
Violencia Domestica Menores,Cascais,,,6.0,15.0,6.0,6.0,8.0,9.0,9.0,6.0,6.0,16.0
Outros Violencia Domestica,Cascais,17.0,17.0,154.0,123.0,82.0,69.0,53.0,84.0,90.0,97.0,82.0,111.0
Violencia Domestica Conjuge ou Analogo,Lisboa,1104.0,1383.0,1371.0,1388.0,1224.0,1464.0,1497.0,1408.0,1482.0,1490.0,1334.0,1551.0
Violencia Domestica Menores,Lisboa,28.0,41.0,45.0,43.0,55.0,66.0,67.0,62.0,53.0,50.0,61.0,68.0
Outros Violencia Domestica,Lisboa,202.0,243.0,486.0,494.0,385.0,350.0,277.0,271.0,270.0,308.0,245.0,261.0
Violencia Domestica Conjuge ou Analogo,Loures,443.0,479.0,578.0,589.0,647.0,654.0,536.0,530.0,564.0,569.0,522.0,517.0
Violencia Domestica Menores,Loures,7.0,27.0,19.0,12.0,19.0,8.0,16.0,19.0,11.0,11.0,16.0,11.0
Outros Violencia Domestica,Loures,85.0,197.0,149.0,165.0,123.0,115.0,122.0,104.0,106.0,152.0,108.0,112.0
Violencia Domestica Conjuge ou Analogo,Lourinhã,29.0,38.0,60.0,52.0,52.0,31.0,30.0,41.0,27.0,34.0,34.0,44.0
Violencia Domestica Menores,Lourinhã,,,4.0,,,4.0,,,,,,
Outros Violencia Domestica,Lourinhã,,3.0,,,,22.0,25.0,12.0,13.0,18.0,7.0,15.0
Violencia Domestica Conjuge ou Analogo,Mafra,43.0,56.0,115.0,102.0,57.0,94.0,115.0,115.0,96.0,104.0,94.0,128.0
Violencia Domestica Menores,Mafra,,,9.0,,4.0,,,3.0,,,,3.0
Outros Violencia Domestica,Mafra,15.0,16.0,18.0,10.0,9.0,8.0,17.0,12.0,14.0,11.0,13.0,27.0
Violencia Domestica Conjuge ou Analogo,Odivelas,248.0,314.0,372.0,321.0,344.0,332.0,388.0,364.0,404.0,343.0,356.0,351.0
Violencia Domestica Menores,Odivelas,37.0,5.0,7.0,7.0,8.0,,7.0,14.0,,3.0,7.0,4.0
Outros Violencia Domestica,Odivelas,107.0,137.0,77.0,77.0,52.0,80.0,28.0,69.0,49.0,54.0,39.0,40.0
Violencia Domestica Conjuge ou Analogo,Oeiras,393.0,428.0,395.0,373.0,434.0,483.0,426.0,460.0,453.0,371.0,259.0,285.0
Violencia Domestica Menores,Oeiras,6.0,3.0,21.0,12.0,8.0,7.0,7.0,8.0,11.0,9.0,14.0,10.0
Outros Violencia Domestica,Oeiras,73.0,71.0,132.0,122.0,71.0,72.0,67.0,65.0,66.0,56.0,50.0,50.0
Violencia Domestica Conjuge ou Analogo,Sintra,1221.0,1209.0,1228.0,910.0,474.0,487.0,520.0,570.0,693.0,711.0,877.0,1091.0
Violencia Domestica Menores,Sintra,35.0,12.0,19.0,25.0,13.0,17.0,20.0,24.0,33.0,35.0,24.0,55.0
Outros Violencia Domestica,Sintra,64.0,59.0,142.0,255.0,63.0,83.0,52.0,60.0,72.0,82.0,141.0,115.0
Violencia Domestica Conjuge ou Analogo,Sobral de Monte Agraço,17.0,14.0,18.0,16.0,13.0,13.0,16.0,24.0,15.0,14.0,17.0,24.0
Violencia Domestica Menores,Sobral de Monte Agraço,,,,,,,,,,,,3.0
Outros Violencia Domestica,Sobral de Monte Agraço,,3.0,,4.0,3.0,3.0,3.0,5.0,,5.0,5.0,5.0
Violencia Domestica Conjuge ou Analogo,Torres Vedras,76.0,113.0,142.0,125.0,110.0,123.0,135.0,130.0,137.0,133.0,150.0,169.0
Violencia Domestica Menores,Torres Vedras,15.0,3.0,,3.0,5.0,6.0,5.0,,,,9.0,3.0
Outros Violencia Domestica,Torres Vedras,9.0,12.0,20.0,27.0,25.0,28.0,18.0,12.0,22.0,25.0,24.0,26.0
Violencia Domestica Conjuge ou Analogo,Vila Franca de Xira,311.0,358.0,191.0,282.0,305.0,322.0,320.0,308.0,333.0,306.0,306.0,321.0
Violencia Domestica Menores,Vila Franca de Xira,12.0,10.0,9.0,8.0,10.0,8.0,10.0,16.0,14.0,12.0,7.0,9.0
Outros Violencia Domestica,Vila Franca de Xira,29.0,54.0,48.0,89.0,84.0,68.0,59.0,61.0,42.0,64.0,54.0,70.0
Violencia Domestica Conjuge ou Analogo,Alter do Chão,21.0,11.0,8.0,7.0,10.0,13.0,4.0,7.0,6.0,6.0,4.0,7.0
Violencia Domestica Menores,Alter do Chão,,,,,,,,,,,,
Outros Violencia Domestica,Alter do Chão,,,,3.0,4.0,,,,,,,
Violencia Domestica Conjuge ou Analogo,Arronches,9.0,4.0,4.0,3.0,,4.0,6.0,6.0,4.0,6.0,3.0,9.0
Violencia Domestica Menores,Arronches,,,,,,,,,,,,
Outros Violencia Domestica,Arronches,,,,,,,,,,,,
Violencia Domestica Conjuge ou Analogo,Avis,5.0,,7.0,4.0,4.0,11.0,5.0,14.0,9.0,11.0,11.0,21.0
Violencia Domestica Menores,Avis,,,,,,,,,,,,
Outros Violencia Domestica,Avis,,,,,,4.0,,,,,4.0,
Violencia Domestica Conjuge ou Analogo,Campo Maior,34.0,26.0,22.0,15.0,25.0,17.0,17.0,17.0,20.0,15.0,17.0,25.0
Violencia Domestica Menores,Campo Maior,,,,,,,,,,,,
Outros Violencia Domestica,Campo Maior,,5.0,3.0,,,,,,,,,5.0
Violencia Domestica Conjuge ou Analogo,Castelo de Vide,4.0,,3.0,,,4.0,,5.0,9.0,6.0,3.0,
Violencia Domestica Menores,Castelo de Vide,,,,,,,,,,,,
Outros Violencia Domestica,Castelo de Vide,,,,,,,,,,,,
Violencia Domestica Conjuge ou Analogo,Crato,7.0,16.0,12.0,8.0,4.0,7.0,10.0,9.0,5.0,14.0,10.0,5.0
Violencia Domestica Menores,Crato,,,,,,,,,,,,
Outros Violencia Domestica,Crato,,,,,,,,,,,,
Violencia Domestica Conjuge ou Analogo,Elvas,17.0,58.0,63.0,60.0,60.0,53.0,73.0,75.0,79.0,66.0,79.0,79.0
Violencia Domestica Menores,Elvas,,,,,3.0,3.0,,,,,,
Outros Violencia Domestica,Elvas,,10.0,12.0,4.0,4.0,8.0,7.0,8.0,12.0,5.0,5.0,4.0
Violencia Domestica Conjuge ou Analogo,Fronteira,6.0,8.0,7.0,6.0,4.0,6.0,8.0,9.0,3.0,3.0,6.0,
Violencia Domestica Menores,Fronteira,,,,,,,,,,,,
Outros Violencia Domestica,Fronteira,4.0,,3.0,,,,,,3.0,4.0,,
Violencia Domestica Conjuge ou Analogo,Gavião,6.0,9.0,7.0,5.0,3.0,8.0,4.0,8.0,17.0,5.0,6.0,6.0
Violencia Domestica Menores,Gavião,,,,,,,,,,,,
Outros Violencia Domestica,Gavião,,,,,,,,,,,,
Violencia Domestica Conjuge ou Analogo,Marvão,6.0,,,4.0,6.0,4.0,7.0,7.0,5.0,8.0,12.0,8.0
Violencia Domestica Menores,Marvão,,,,,,,,,,,,
Outros Violencia Domestica,Marvão,3.0,,,,,,,,,,5.0,
Violencia Domestica Conjuge ou Analogo,Monforte,,,,,4.0,5.0,3.0,3.0,3.0,3.0,7.0,7.0
Violencia Domestica Menores,Monforte,,,,,,,,,,,,
Outros Violencia Domestica,Monforte,,,,,,,,,,,,
Violencia Domestica Conjuge ou Analogo,Nisa,,9.0,7.0,6.0,7.0,14.0,3.0,7.0,12.0,7.0,12.0,4.0
Violencia Domestica Menores,Nisa,,,,,,,,,,,,
Outros Violencia Domestica,Nisa,,,,,,,,,,3.0,6.0,5.0
Violencia Domestica Conjuge ou Analogo,Ponte de Sor,17.0,24.0,39.0,36.0,33.0,31.0,28.0,54.0,68.0,41.0,34.0,28.0
Violencia Domestica Menores,Ponte de Sor,,,,,,,,,,,,
Outros Violencia Domestica,Ponte de Sor,4.0,13.0,4.0,5.0,9.0,6.0,5.0,4.0,,,6.0,
Violencia Domestica Conjuge ou Analogo,Portalegre,46.0,60.0,45.0,49.0,29.0,66.0,51.0,53.0,42.0,61.0,65.0,75.0
Violencia Domestica Menores,Portalegre,,,4.0,,,,,,3.0,,,
Outros Violencia Domestica,Portalegre,3.0,3.0,14.0,10.0,10.0,4.0,,4.0,8.0,5.0,5.0,3.0
Violencia Domestica Conjuge ou Analogo,Sousel,4.0,7.0,4.0,,4.0,,4.0,6.0,12.0,17.0,14.0,5.0
Violencia Domestica Menores,Sousel,,,,,,,,,,,,
Outros Violencia Domestica,Sousel,,,,,,,,,,,,4.0
Violencia Domestica Conjuge ou Analogo,Amarante,121.0,171.0,149.0,123.0,100.0,121.0,129.0,140.0,118.0,125.0,90.0,107.0
Violencia Domestica Menores,Amarante,,3.0,,,,,,,,,,
Outros Violencia Domestica,Amarante,5.0,21.0,16.0,19.0,27.0,6.0,5.0,3.0,7.0,4.0,,10.0
Violencia Domestica Conjuge ou Analogo,Baião,51.0,50.0,66.0,60.0,47.0,51.0,55.0,61.0,66.0,58.0,64.0,35.0
Violencia Domestica Menores,Baião,,,,,,,,,,,,
Outros Violencia Domestica,Baião,5.0,15.0,13.0,13.0,24.0,17.0,20.0,3.0,14.0,4.0,4.0,8.0
Violencia Domestica Conjuge ou Analogo,Felgueiras,77.0,97.0,99.0,96.0,88.0,82.0,97.0,80.0,83.0,90.0,101.0,98.0
Violencia Domestica Menores,Felgueiras,3.0,4.0,,6.0,4.0,,,,,,,
Outros Violencia Domestica,Felgueiras,7.0,17.0,38.0,31.0,21.0,42.0,36.0,27.0,27.0,29.0,16.0,26.0
Violencia Domestica Conjuge ou Analogo,Gondomar,489.0,614.0,522.0,455.0,409.0,378.0,339.0,327.0,359.0,388.0,388.0,437.0
Violencia Domestica Menores,Gondomar,7.0,21.0,12.0,9.0,4.0,5.0,,4.0,6.0,4.0,6.0,4.0
Outros Violencia Domestica,Gondomar,88.0,89.0,109.0,107.0,59.0,77.0,100.0,67.0,59.0,77.0,41.0,63.0
Violencia Domestica Conjuge ou Analogo,Lousãada,56.0,65.0,107.0,82.0,82.0,67.0,66.0,67.0,69.0,72.0,65.0,76.0
Violencia Domestica Menores,Lousãada,,,3.0,9.0,,,4.0,,,,,
Outros Violencia Domestica,Lousãada,,6.0,10.0,3.0,12.0,24.0,18.0,22.0,21.0,14.0,10.0,11.0
Violencia Domestica Conjuge ou Analogo,Maia,268.0,346.0,365.0,324.0,319.0,245.0,209.0,248.0,265.0,236.0,206.0,239.0
Violencia Domestica Menores,Maia,3.0,,4.0,6.0,,4.0,5.0,4.0,,3.0,,4.0
Outros Violencia Domestica,Maia,48.0,40.0,53.0,56.0,27.0,21.0,37.0,34.0,27.0,30.0,14.0,27.0
Violencia Domestica Conjuge ou Analogo,Marco de Canaveses,81.0,85.0,135.0,111.0,111.0,86.0,103.0,87.0,82.0,102.0,95.0,102.0
Violencia Domestica Menores,Marco de Canaveses,,,,,,,,,,,,
Outros Violencia Domestica,Marco de Canaveses,3.0,3.0,8.0,8.0,7.0,,7.0,14.0,8.0,7.0,8.0,16.0
Violencia Domestica Conjuge ou Analogo,Matosinhos,528.0,577.0,476.0,540.0,443.0,420.0,480.0,409.0,420.0,397.0,430.0,384.0
Violencia Domestica Menores,Matosinhos,12.0,6.0,9.0,10.0,4.0,6.0,,,4.0,,4.0,6.0
Outros Violencia Domestica,Matosinhos,59.0,66.0,43.0,51.0,31.0,18.0,28.0,37.0,33.0,34.0,40.0,44.0
Violencia Domestica Conjuge ou Analogo,Paços de Ferreira,62.0,82.0,118.0,100.0,75.0,77.0,86.0,120.0,105.0,105.0,91.0,94.0
Violencia Domestica Menores,Paços de Ferreira,,,3.0,,4.0,,,,,,3.0,
Outros Violencia Domestica,Paços de Ferreira,11.0,4.0,9.0,14.0,15.0,13.0,8.0,,8.0,3.0,9.0,14.0
Violencia Domestica Conjuge ou Analogo,Paredes,125.0,171.0,239.0,175.0,181.0,203.0,177.0,167.0,195.0,196.0,185.0,181.0
Violencia Domestica Menores,Paredes,,3.0,,13.0,,,,,4.0,,,
Outros Violencia Domestica,Paredes,5.0,18.0,36.0,42.0,16.0,32.0,52.0,27.0,32.0,16.0,18.0,19.0
Violencia Domestica Conjuge ou Analogo,Penafiel,176.0,128.0,133.0,125.0,119.0,142.0,142.0,117.0,110.0,113.0,144.0,163.0
Violencia Domestica Menores,Penafiel,4.0,,7.0,,,,,,,6.0,,
Outros Violencia Domestica,Penafiel,31.0,27.0,44.0,22.0,38.0,58.0,78.0,56.0,58.0,45.0,27.0,22.0
Violencia Domestica Conjuge ou Analogo,Porto,1121.0,1223.0,1228.0,1277.0,1006.0,937.0,905.0,806.0,775.0,730.0,630.0,744.0
Violencia Domestica Menores,Porto,37.0,43.0,33.0,40.0,25.0,24.0,9.0,11.0,13.0,15.0,9.0,21.0
Outros Violencia Domestica,Porto,326.0,324.0,237.0,215.0,140.0,164.0,164.0,160.0,161.0,172.0,186.0,198.0
Violencia Domestica Conjuge ou Analogo,Póvoa de Varzim,114.0,118.0,135.0,130.0,145.0,162.0,164.0,135.0,151.0,156.0,141.0,176.0
Violencia Domestica Menores,Póvoa de Varzim,5.0,,3.0,7.0,,,,,,4.0,3.0,
Outros Violencia Domestica,Póvoa de Varzim,32.0,11.0,13.0,16.0,21.0,17.0,19.0,17.0,16.0,15.0,25.0,33.0
Violencia Domestica Conjuge ou Analogo,Santo Tirso,138.0,139.0,168.0,129.0,123.0,101.0,135.0,131.0,136.0,103.0,135.0,126.0
Violencia Domestica Menores,Santo Tirso,6.0,,,,,,,,3.0,,,
Outros Violencia Domestica,Santo Tirso,18.0,20.0,30.0,31.0,22.0,7.0,9.0,12.0,20.0,15.0,14.0,15.0
Violencia Domestica Conjuge ou Analogo,Trofa,53.0,69.0,80.0,80.0,65.0,53.0,63.0,62.0,72.0,51.0,81.0,59.0
Violencia Domestica Menores,Trofa,4.0,5.0,4.0,3.0,,3.0,,,,,,
Outros Violencia Domestica,Trofa,,7.0,7.0,20.0,,,,,5.0,6.0,7.0,5.0
Violencia Domestica Conjuge ou Analogo,Valongo,224.0,291.0,241.0,189.0,240.0,220.0,223.0,186.0,193.0,183.0,178.0,214.0
Violencia Domestica Menores,Valongo,3.0,7.0,6.0,4.0,6.0,3.0,5.0,,3.0,,,3.0
Outros Violencia Domestica,Valongo,32.0,38.0,46.0,20.0,21.0,28.0,43.0,26.0,12.0,23.0,17.0,23.0
Violencia Domestica Conjuge ou Analogo,Vila do Conde,151.0,182.0,162.0,150.0,143.0,140.0,151.0,164.0,168.0,159.0,165.0,201.0
Violencia Domestica Menores,Vila do Conde,5.0,4.0,5.0,10.0,,,,,3.0,,,
Outros Violencia Domestica,Vila do Conde,42.0,38.0,32.0,34.0,15.0,23.0,21.0,12.0,5.0,6.0,6.0,16.0
Violencia Domestica Conjuge ou Analogo,Vila Nova de Gaia,940.0,1016.0,969.0,932.0,836.0,935.0,829.0,738.0,770.0,730.0,811.0,801.0
Violencia Domestica Menores,Vila Nova de Gaia,17.0,33.0,17.0,16.0,10.0,11.0,12.0,10.0,18.0,6.0,22.0,12.0
Outros Violencia Domestica,Vila Nova de Gaia,153.0,130.0,108.0,115.0,85.0,98.0,83.0,75.0,76.0,83.0,113.0,149.0
Violencia Domestica Conjuge ou Analogo,Abrantes,62.0,63.0,72.0,66.0,70.0,51.0,74.0,81.0,76.0,45.0,64.0,69.0
Violencia Domestica Menores,Abrantes,,6.0,,,,3.0,,,,,,4.0
Outros Violencia Domestica,Abrantes,,10.0,17.0,13.0,13.0,12.0,10.0,17.0,17.0,10.0,9.0,11.0
Violencia Domestica Conjuge ou Analogo,Alcanena,18.0,15.0,12.0,10.0,18.0,24.0,21.0,29.0,21.0,22.0,22.0,18.0
Violencia Domestica Menores,Alcanena,,,,,,,,,,,,
Outros Violencia Domestica,Alcanena,,,,,,,3.0,6.0,8.0,,8.0,3.0
Violencia Domestica Conjuge ou Analogo,Almeirim,38.0,34.0,34.0,33.0,19.0,19.0,21.0,21.0,15.0,22.0,28.0,48.0
Violencia Domestica Menores,Almeirim,,,,3.0,,,,,,,,
Outros Violencia Domestica,Almeirim,,3.0,6.0,6.0,,4.0,5.0,,,,3.0,7.0
Violencia Domestica Conjuge ou Analogo,Alpiarça,6.0,6.0,9.0,9.0,13.0,13.0,9.0,8.0,12.0,3.0,3.0,18.0
Violencia Domestica Menores,Alpiarça,3.0,,,,,,,,,,,
Outros Violencia Domestica,Alpiarça,,,,,4.0,4.0,,,,,,3.0
Violencia Domestica Conjuge ou Analogo,Benavente,55.0,43.0,74.0,77.0,63.0,64.0,52.0,66.0,52.0,58.0,68.0,78.0
Violencia Domestica Menores,Benavente,4.0,3.0,,,,5.0,,6.0,,,,4.0
Outros Violencia Domestica,Benavente,9.0,8.0,16.0,13.0,8.0,17.0,10.0,11.0,5.0,3.0,12.0,5.0
Violencia Domestica Conjuge ou Analogo,Cartaxo,26.0,41.0,35.0,44.0,59.0,44.0,57.0,52.0,45.0,31.0,42.0,41.0
Violencia Domestica Menores,Cartaxo,,,3.0,,,,,,,3.0,6.0,
Outros Violencia Domestica,Cartaxo,6.0,3.0,4.0,23.0,12.0,11.0,4.0,9.0,3.0,3.0,5.0,13.0
Violencia Domestica Conjuge ou Analogo,Chamusca,19.0,16.0,17.0,19.0,30.0,25.0,20.0,5.0,11.0,13.0,21.0,18.0
Violencia Domestica Menores,Chamusca,,,,,,,,,,,,
Outros Violencia Domestica,Chamusca,,3.0,5.0,,,,8.0,4.0,8.0,4.0,3.0,
Violencia Domestica Conjuge ou Analogo,Constância,,,7.0,4.0,6.0,9.0,4.0,11.0,6.0,7.0,3.0,6.0
Violencia Domestica Menores,Constância,,,,,,,,,,,,
Outros Violencia Domestica,Constância,,,,,,,,,,,,
Violencia Domestica Conjuge ou Analogo,Coruche,13.0,30.0,26.0,25.0,41.0,26.0,30.0,33.0,28.0,24.0,17.0,27.0
Violencia Domestica Menores,Coruche,3.0,,,,,,,3.0,,,,
Outros Violencia Domestica,Coruche,4.0,,8.0,6.0,8.0,5.0,,3.0,5.0,,4.0,4.0
Violencia Domestica Conjuge ou Analogo,Entroncamento,30.0,38.0,25.0,42.0,42.0,41.0,34.0,34.0,37.0,50.0,28.0,61.0
Violencia Domestica Menores,Entroncamento,,,,,,,,,,4.0,,
Outros Violencia Domestica,Entroncamento,,5.0,7.0,9.0,5.0,10.0,,12.0,7.0,4.0,5.0,8.0
Violencia Domestica Conjuge ou Analogo,Ferreira do Zêzere,21.0,37.0,26.0,15.0,8.0,18.0,13.0,11.0,7.0,10.0,14.0,10.0
Violencia Domestica Menores,Ferreira do Zêzere,,,,,,,,,,,,
Outros Violencia Domestica,Ferreira do Zêzere,,9.0,4.0,6.0,,,,,,,,3.0
Violencia Domestica Conjuge ou Analogo,Golegã,5.0,7.0,9.0,5.0,7.0,5.0,8.0,5.0,10.0,7.0,8.0,11.0
Outros Violencia Domestica,Golegã,,,,,,,,4.0,,,3.0,
Violencia Domestica Conjuge ou Analogo,Mação,11.0,10.0,6.0,6.0,7.0,12.0,5.0,5.0,11.0,7.0,8.0,7.0
Violencia Domestica Menores,Mação,,,,,,,,,,,,
Outros Violencia Domestica,Mação,,7.0,4.0,,,,,4.0,4.0,,,
Violencia Domestica Conjuge ou Analogo,Rio Maior,26.0,41.0,33.0,27.0,26.0,40.0,22.0,51.0,41.0,42.0,44.0,54.0
Violencia Domestica Menores,Rio Maior,,,,,,,,,,,,
Outros Violencia Domestica,Rio Maior,3.0,4.0,12.0,,4.0,7.0,6.0,13.0,8.0,8.0,6.0,5.0
Violencia Domestica Conjuge ou Analogo,Salvaterra de Magos,52.0,60.0,62.0,39.0,29.0,40.0,35.0,25.0,32.0,30.0,30.0,51.0
Violencia Domestica Menores,Salvaterra de Magos,,,,,,,,,,,,
Outros Violencia Domestica,Salvaterra de Magos,10.0,11.0,12.0,11.0,8.0,4.0,9.0,3.0,,4.0,6.0,6.0
Violencia Domestica Conjuge ou Analogo,Santarém,100.0,71.0,133.0,129.0,137.0,135.0,126.0,109.0,97.0,132.0,108.0,180.0
Violencia Domestica Menores,Santarém,,3.0,4.0,,3.0,,3.0,,4.0,,,
Outros Violencia Domestica,Santarém,7.0,9.0,12.0,15.0,20.0,22.0,22.0,12.0,20.0,18.0,14.0,19.0
Violencia Domestica Conjuge ou Analogo,Sardoal,,3.0,5.0,3.0,,3.0,,7.0,5.0,5.0,4.0,9.0
Violencia Domestica Menores,Sardoal,,,,,,,,3.0,,,,
Outros Violencia Domestica,Sardoal,,,,,,,,,,,,
Violencia Domestica Conjuge ou Analogo,Tomar,44.0,94.0,89.0,82.0,92.0,125.0,110.0,98.0,98.0,62.0,48.0,68.0
Violencia Domestica Menores,Tomar,7.0,6.0,,,3.0,7.0,3.0,,,,,
Outros Violencia Domestica,Tomar,15.0,16.0,19.0,18.0,22.0,21.0,10.0,14.0,18.0,19.0,14.0,8.0
Violencia Domestica Conjuge ou Analogo,Torres Novas,41.0,70.0,51.0,53.0,79.0,77.0,67.0,88.0,73.0,49.0,41.0,62.0
Violencia Domestica Menores,Torres Novas,,,3.0,,,,7.0,4.0,3.0,,,
Outros Violencia Domestica,Torres Novas,8.0,9.0,17.0,24.0,23.0,16.0,15.0,13.0,8.0,5.0,7.0,9.0
Violencia Domestica Conjuge ou Analogo,Vila Nova da Barquinha,8.0,4.0,9.0,5.0,7.0,5.0,10.0,6.0,6.0,5.0,3.0,8.0
Violencia Domestica Menores,Vila Nova da Barquinha,,,,,,,,,,,,
Outros Violencia Domestica,Vila Nova da Barquinha,,,,,,,,,,,,3.0
Violencia Domestica Conjuge ou Analogo,Ourém,75.0,71.0,98.0,110.0,70.0,62.0,64.0,80.0,78.0,74.0,48.0,71.0
Violencia Domestica Menores,Ourém,,,,3.0,,,,,,,,
Outros Violencia Domestica,Ourém,10.0,,5.0,5.0,14.0,3.0,9.0,6.0,7.0,10.0,3.0,14.0
Violencia Domestica Conjuge ou Analogo,Alcácer do Sal,15.0,28.0,24.0,17.0,16.0,17.0,16.0,20.0,24.0,21.0,45.0,34.0
Violencia Domestica Menores,Alcácer do Sal,,,,,,,,,,,,
Outros Violencia Domestica,Alcácer do Sal,,,,3.0,,3.0,,3.0,,3.0,8.0,10.0
Violencia Domestica Conjuge ou Analogo,Alcochete,35.0,37.0,38.0,53.0,55.0,39.0,38.0,27.0,43.0,38.0,38.0,42.0
Violencia Domestica Menores,Alcochete,,,4.0,3.0,,3.0,,,,,,
Outros Violencia Domestica,Alcochete,3.0,11.0,5.0,4.0,10.0,3.0,4.0,4.0,7.0,4.0,4.0,5.0
Violencia Domestica Conjuge ou Analogo,Almada,166.0,295.0,426.0,353.0,356.0,416.0,421.0,456.0,397.0,428.0,422.0,444.0
Violencia Domestica Menores,Almada,7.0,8.0,7.0,11.0,10.0,5.0,5.0,3.0,5.0,,6.0,8.0
Outros Violencia Domestica,Almada,36.0,42.0,37.0,49.0,48.0,45.0,36.0,64.0,67.0,62.0,82.0,67.0
Violencia Domestica Conjuge ou Analogo,Barreiro,132.0,185.0,216.0,262.0,225.0,214.0,174.0,220.0,203.0,195.0,245.0,305.0
Violencia Domestica Menores,Barreiro,6.0,5.0,8.0,3.0,4.0,9.0,11.0,8.0,9.0,7.0,12.0,16.0
Outros Violencia Domestica,Barreiro,21.0,47.0,48.0,57.0,58.0,54.0,48.0,44.0,43.0,55.0,45.0,61.0
Violencia Domestica Conjuge ou Analogo,Grândola,14.0,17.0,23.0,29.0,13.0,27.0,36.0,33.0,27.0,35.0,31.0,42.0
Violencia Domestica Menores,Grândola,,,,,,,,,,,,
Outros Violencia Domestica,Grândola,,,5.0,4.0,5.0,8.0,5.0,5.0,8.0,5.0,5.0,5.0
Violencia Domestica Conjuge ou Analogo,Moita,170.0,184.0,204.0,149.0,195.0,201.0,185.0,186.0,125.0,150.0,154.0,187.0
Violencia Domestica Menores,Moita,10.0,3.0,3.0,5.0,9.0,5.0,4.0,5.0,8.0,7.0,,4.0
Outros Violencia Domestica,Moita,15.0,18.0,20.0,34.0,38.0,42.0,38.0,31.0,39.0,20.0,36.0,45.0
Violencia Domestica Conjuge ou Analogo,Montijo,94.0,66.0,136.0,108.0,107.0,93.0,123.0,102.0,112.0,131.0,141.0,135.0
Violencia Domestica Menores,Montijo,,6.0,4.0,,3.0,3.0,,4.0,3.0,,4.0,3.0
Outros Violencia Domestica,Montijo,15.0,16.0,24.0,12.0,15.0,25.0,29.0,26.0,30.0,25.0,21.0,32.0
Violencia Domestica Conjuge ou Analogo,Palmela,130.0,185.0,133.0,90.0,97.0,119.0,131.0,103.0,139.0,103.0,128.0,160.0
Violencia Domestica Menores,Palmela,6.0,14.0,3.0,,3.0,4.0,,,7.0,3.0,5.0,4.0
Outros Violencia Domestica,Palmela,13.0,16.0,4.0,7.0,19.0,12.0,11.0,12.0,16.0,15.0,17.0,26.0
Violencia Domestica Conjuge ou Analogo,Santiago do Cacém,22.0,36.0,44.0,32.0,34.0,44.0,46.0,35.0,34.0,27.0,39.0,47.0
Violencia Domestica Menores,Santiago do Cacém,,,,,,3.0,,,3.0,,,
Outros Violencia Domestica,Santiago do Cacém,5.0,10.0,11.0,5.0,7.0,11.0,9.0,7.0,11.0,7.0,15.0,11.0
Violencia Domestica Conjuge ou Analogo,Seixal,238.0,287.0,384.0,382.0,322.0,389.0,369.0,349.0,368.0,356.0,347.0,368.0
Violencia Domestica Menores,Seixal,7.0,5.0,6.0,9.0,7.0,6.0,8.0,8.0,3.0,5.0,12.0,6.0
Outros Violencia Domestica,Seixal,32.0,51.0,81.0,67.0,62.0,53.0,52.0,47.0,65.0,51.0,65.0,91.0
Violencia Domestica Conjuge ou Analogo,Sesimbra,44.0,83.0,91.0,112.0,152.0,184.0,112.0,101.0,93.0,106.0,107.0,137.0
Violencia Domestica Menores,Sesimbra,7.0,3.0,4.0,4.0,3.0,,3.0,,4.0,6.0,5.0,3.0
Outros Violencia Domestica,Sesimbra,9.0,15.0,30.0,15.0,30.0,10.0,31.0,9.0,9.0,15.0,18.0,25.0
Violencia Domestica Conjuge ou Analogo,Setúbal,199.0,252.0,297.0,313.0,298.0,260.0,288.0,261.0,273.0,323.0,293.0,384.0
Violencia Domestica Menores,Setúbal,8.0,6.0,7.0,14.0,9.0,4.0,10.0,5.0,3.0,,5.0,8.0
Outros Violencia Domestica,Setúbal,25.0,34.0,34.0,49.0,38.0,36.0,25.0,47.0,33.0,54.0,53.0,63.0
Violencia Domestica Conjuge ou Analogo,Sines,8.0,17.0,17.0,19.0,42.0,38.0,46.0,33.0,37.0,31.0,40.0,44.0
Violencia Domestica Menores,Sines,,,,,,,,,,3.0,,
Outros Violencia Domestica,Sines,,4.0,3.0,,,,5.0,12.0,9.0,6.0,3.0,6.0
Violencia Domestica Conjuge ou Analogo,Arcos de Valdevez,44.0,49.0,55.0,44.0,36.0,43.0,28.0,45.0,58.0,55.0,41.0,62.0
Violencia Domestica Menores,Arcos de Valdevez,,,,,,,,,,,,
Outros Violencia Domestica,Arcos de Valdevez,15.0,6.0,11.0,10.0,9.0,5.0,,3.0,5.0,,,7.0
Violencia Domestica Conjuge ou Analogo,Caminha,15.0,29.0,14.0,11.0,22.0,9.0,27.0,34.0,27.0,33.0,31.0,33.0
Violencia Domestica Menores,Caminha,,,,,,,,,,,,
Outros Violencia Domestica,Caminha,7.0,,13.0,,3.0,,4.0,,3.0,3.0,3.0,3.0
Violencia Domestica Conjuge ou Analogo,Melgaço,9.0,26.0,23.0,5.0,5.0,9.0,10.0,11.0,11.0,10.0,12.0,14.0
Violencia Domestica Menores,Melgaço,,,,,,,,,,,,
Outros Violencia Domestica,Melgaço,4.0,,,,,,,,6.0,,,4.0
Violencia Domestica Conjuge ou Analogo,Monção,12.0,13.0,18.0,26.0,17.0,20.0,19.0,16.0,21.0,23.0,18.0,21.0
Violencia Domestica Menores,Monção,,,,,,,,,,,,
Outros Violencia Domestica,Monção,,,,3.0,7.0,15.0,3.0,6.0,,5.0,4.0,3.0
Violencia Domestica Conjuge ou Analogo,Paredes de Coura,5.0,7.0,26.0,17.0,14.0,15.0,21.0,8.0,10.0,8.0,24.0,11.0
Violencia Domestica Menores,Paredes de Coura,,,,,,3.0,,,,,,
Outros Violencia Domestica,Paredes de Coura,,,3.0,,,,,,,,,
Violencia Domestica Conjuge ou Analogo,Ponte da Barca,14.0,26.0,26.0,22.0,21.0,16.0,9.0,9.0,22.0,26.0,37.0,21.0
Violencia Domestica Menores,Ponte da Barca,,,,,,,,,,,,
Outros Violencia Domestica,Ponte da Barca,4.0,,,5.0,9.0,9.0,4.0,5.0,4.0,8.0,5.0,7.0
Violencia Domestica Conjuge ou Analogo,Ponte de Lima,67.0,79.0,59.0,66.0,37.0,83.0,64.0,57.0,49.0,56.0,82.0,71.0
Violencia Domestica Menores,Ponte de Lima,,,7.0,,3.0,,,,,,,
Outros Violencia Domestica,Ponte de Lima,15.0,14.0,6.0,9.0,8.0,5.0,7.0,6.0,8.0,10.0,18.0,11.0
Violencia Domestica Conjuge ou Analogo,Valença,28.0,32.0,36.0,35.0,47.0,21.0,35.0,52.0,40.0,36.0,42.0,44.0
Violencia Domestica Menores,Valença,,,,,3.0,,,,,,,
Outros Violencia Domestica,Valença,15.0,9.0,13.0,8.0,8.0,11.0,8.0,6.0,6.0,,3.0,3.0
Violencia Domestica Conjuge ou Analogo,Viana do Castelo,180.0,193.0,198.0,195.0,175.0,180.0,206.0,212.0,202.0,179.0,211.0,249.0
Violencia Domestica Menores,Viana do Castelo,7.0,4.0,3.0,,,,3.0,5.0,,,6.0,4.0
Outros Violencia Domestica,Viana do Castelo,24.0,33.0,51.0,41.0,27.0,29.0,19.0,15.0,18.0,5.0,14.0,21.0
Violencia Domestica Conjuge ou Analogo,Vila Nova de Cerveira,10.0,7.0,17.0,9.0,19.0,16.0,21.0,22.0,15.0,28.0,20.0,31.0
Violencia Domestica Menores,Vila Nova de Cerveira,,,,,,,,,,,,
Outros Violencia Domestica,Vila Nova de Cerveira,,,3.0,3.0,6.0,9.0,9.0,3.0,6.0,4.0,,8.0
Violencia Domestica Conjuge ou Analogo,Alijó,19.0,17.0,27.0,18.0,28.0,29.0,29.0,26.0,16.0,26.0,19.0,35.0
Violencia Domestica Menores,Alijó,3.0,,,,,,,,,,,
Outros Violencia Domestica,Alijó,7.0,9.0,12.0,20.0,12.0,24.0,18.0,10.0,10.0,14.0,11.0,11.0
Violencia Domestica Conjuge ou Analogo,Boticas,9.0,5.0,5.0,6.0,3.0,,9.0,9.0,7.0,4.0,6.0,6.0
Violencia Domestica Menores,Boticas,,,,,,,,,,,,
Outros Violencia Domestica,Boticas,,,,3.0,,,,,,,,
Violencia Domestica Conjuge ou Analogo,Chaves,35.0,43.0,81.0,83.0,75.0,90.0,81.0,83.0,83.0,72.0,80.0,95.0
Violencia Domestica Menores,Chaves,,,3.0,,,,,,,,,
Outros Violencia Domestica,Chaves,5.0,8.0,9.0,24.0,30.0,19.0,12.0,9.0,4.0,6.0,12.0,7.0
Violencia Domestica Conjuge ou Analogo,Mesão Frio,8.0,15.0,16.0,33.0,29.0,16.0,25.0,18.0,17.0,14.0,6.0,11.0
Violencia Domestica Menores,Mesão Frio,,,,,,,,,,,,5.0
Outros Violencia Domestica,Mesão Frio,,6.0,,,5.0,,3.0,,5.0,,5.0,
Violencia Domestica Conjuge ou Analogo,Mondim de Basto,9.0,7.0,6.0,16.0,19.0,24.0,11.0,18.0,19.0,14.0,11.0,19.0
Violencia Domestica Menores,Mondim de Basto,,,,,,,,,,,,
Outros Violencia Domestica,Mondim de Basto,3.0,,,,3.0,4.0,5.0,,,,,3.0
Violencia Domestica Conjuge ou Analogo,Montalegre,6.0,6.0,35.0,18.0,23.0,18.0,13.0,14.0,18.0,15.0,23.0,16.0
Violencia Domestica Menores,Montalegre,,,,,3.0,,,,,,,
Outros Violencia Domestica,Montalegre,,3.0,6.0,3.0,5.0,3.0,4.0,4.0,3.0,,,
Violencia Domestica Conjuge ou Analogo,Murça,5.0,9.0,13.0,16.0,4.0,15.0,23.0,17.0,11.0,10.0,7.0,11.0
Violencia Domestica Menores,Murça,,,,,,,,,,,,
Outros Violencia Domestica,Murça,,3.0,4.0,,,,,,,,,
Violencia Domestica Conjuge ou Analogo,Peso da Régua,32.0,68.0,50.0,34.0,41.0,45.0,64.0,62.0,42.0,34.0,36.0,26.0
Violencia Domestica Menores,Peso da Régua,,,,,,,,,,,,
Outros Violencia Domestica,Peso da Régua,,,7.0,14.0,7.0,20.0,13.0,9.0,10.0,9.0,12.0,13.0
Violencia Domestica Conjuge ou Analogo,Ribeira de Pena,12.0,13.0,10.0,9.0,9.0,12.0,8.0,11.0,7.0,14.0,9.0,15.0
Outros Violencia Domestica,Ribeira de Pena,,,,,,,8.0,3.0,3.0,12.0,4.0,
Violencia Domestica Conjuge ou Analogo,Sabrosa,5.0,3.0,14.0,22.0,19.0,16.0,14.0,9.0,10.0,13.0,9.0,19.0
Violencia Domestica Menores,Sabrosa,,,,,,,,,,,,
Outros Violencia Domestica,Sabrosa,,,,,3.0,,,5.0,7.0,,,4.0
Violencia Domestica Conjuge ou Analogo,Santa Marta de Penaguião,,,9.0,11.0,12.0,5.0,23.0,12.0,14.0,21.0,23.0,9.0
Violencia Domestica Menores,Santa Marta de Penaguião,,,,,,,,,,,,
Outros Violencia Domestica,Santa Marta de Penaguião,,,,,,,,,9.0,7.0,8.0,7.0
Violencia Domestica Conjuge ou Analogo,Valpaços,24.0,48.0,49.0,33.0,30.0,34.0,40.0,34.0,45.0,25.0,29.0,45.0
Violencia Domestica Menores,Valpaços,4.0,,,,,,,,,,,
Outros Violencia Domestica,Valpaços,3.0,15.0,13.0,5.0,15.0,9.0,14.0,4.0,14.0,7.0,4.0,5.0
Violencia Domestica Conjuge ou Analogo,Vila Pouca de Aguiar,18.0,18.0,32.0,30.0,20.0,26.0,23.0,29.0,19.0,14.0,14.0,17.0
Violencia Domestica Menores,Vila Pouca de Aguiar,,,,,,,,,,,,
Outros Violencia Domestica,Vila Pouca de Aguiar,,,6.0,5.0,,8.0,10.0,24.0,11.0,12.0,6.0,
Violencia Domestica Conjuge ou Analogo,Vila Real,80.0,65.0,103.0,94.0,83.0,113.0,104.0,110.0,93.0,86.0,88.0,85.0
Violencia Domestica Menores,Vila Real,3.0,,,,,,,,,,,
Outros Violencia Domestica,Vila Real,8.0,10.0,20.0,17.0,23.0,24.0,21.0,24.0,26.0,14.0,18.0,6.0
Violencia Domestica Conjuge ou Analogo,Armamar,,,8.0,3.0,4.0,3.0,5.0,9.0,13.0,12.0,10.0,15.0
Violencia Domestica Menores,Armamar,,,,,,,,,,,,
Outros Violencia Domestica,Armamar,,,,,,,,,,,,5.0
Violencia Domestica Conjuge ou Analogo,Carregal do Sal,15.0,9.0,15.0,24.0,35.0,24.0,10.0,31.0,18.0,22.0,16.0,25.0
Violencia Domestica Menores,Carregal do Sal,,,,,,,,,,,,
Outros Violencia Domestica,Carregal do Sal,,3.0,4.0,,3.0,,4.0,,,,,
Violencia Domestica Conjuge ou Analogo,Castro Daire,12.0,12.0,8.0,6.0,12.0,12.0,15.0,15.0,7.0,9.0,5.0,25.0
Violencia Domestica Menores,Castro Daire,,,,,,,,,,,,
Outros Violencia Domestica,Castro Daire,,,,,,6.0,3.0,5.0,,,,5.0
Violencia Domestica Conjuge ou Analogo,Cinfães,45.0,54.0,44.0,37.0,52.0,25.0,51.0,30.0,24.0,29.0,35.0,32.0
Violencia Domestica Menores,Cinfães,,,,4.0,,,,,,,,
Outros Violencia Domestica,Cinfães,6.0,3.0,,,7.0,3.0,,,9.0,3.0,5.0,7.0
Violencia Domestica Conjuge ou Analogo,Lamego,51.0,50.0,54.0,36.0,43.0,61.0,67.0,48.0,54.0,51.0,32.0,39.0
Violencia Domestica Menores,Lamego,,,,,,,,,,,,
Outros Violencia Domestica,Lamego,,,3.0,4.0,3.0,3.0,7.0,13.0,12.0,15.0,7.0,13.0
Violencia Domestica Conjuge ou Analogo,Mangualde,38.0,29.0,21.0,16.0,33.0,31.0,29.0,46.0,40.0,45.0,40.0,59.0
Violencia Domestica Menores,Mangualde,,,,,,,,,,,,
Outros Violencia Domestica,Mangualde,7.0,4.0,,,6.0,,,3.0,,,,5.0
Violencia Domestica Conjuge ou Analogo,Moimenta da Beira,16.0,18.0,15.0,16.0,20.0,15.0,22.0,21.0,10.0,12.0,13.0,17.0
Violencia Domestica Menores,Moimenta da Beira,,,,,,,,,,,,
Outros Violencia Domestica,Moimenta da Beira,,5.0,3.0,,,,,6.0,,9.0,,
Violencia Domestica Conjuge ou Analogo,Mortágua,6.0,4.0,9.0,12.0,14.0,15.0,10.0,15.0,12.0,18.0,13.0,16.0
Violencia Domestica Menores,Mortágua,,,,,,,,,,,,
Outros Violencia Domestica,Mortágua,,4.0,,,,,,,,,,
Violencia Domestica Conjuge ou Analogo,Nelas,32.0,12.0,15.0,16.0,14.0,13.0,15.0,17.0,14.0,22.0,27.0,26.0
Violencia Domestica Menores,Nelas,,,,,,,,,,,,
Outros Violencia Domestica,Nelas,,,,3.0,4.0,4.0,,,3.0,,,
Violencia Domestica Conjuge ou Analogo,Oliveira de Frades,16.0,21.0,4.0,10.0,5.0,20.0,27.0,15.0,17.0,13.0,17.0,25.0
Violencia Domestica Menores,Oliveira de Frades,,,,,,,,,,,,
Outros Violencia Domestica,Oliveira de Frades,,,,,,,,,,,,
Violencia Domestica Conjuge ou Analogo,Penalva do Castelo,13.0,9.0,7.0,15.0,12.0,11.0,20.0,16.0,8.0,8.0,11.0,17.0
Violencia Domestica Menores,Penalva do Castelo,,,,,,,,,,,,
Outros Violencia Domestica,Penalva do Castelo,,,,,,,,3.0,,,,
Violencia Domestica Conjuge ou Analogo,Penedono,,,8.0,6.0,9.0,6.0,3.0,6.0,3.0,,5.0,
Violencia Domestica Menores,Penedono,,,,,,,,,,,,
Outros Violencia Domestica,Penedono,,,,,,,,,,,,
Violencia Domestica Conjuge ou Analogo,Resende,26.0,18.0,21.0,34.0,28.0,31.0,46.0,27.0,41.0,29.0,29.0,32.0
Violencia Domestica Menores,Resende,,,,4.0,,4.0,5.0,,,,,
Outros Violencia Domestica,Resende,,,3.0,3.0,5.0,5.0,,8.0,5.0,3.0,7.0,3.0
Violencia Domestica Conjuge ou Analogo,Santa Comba Dão,22.0,12.0,19.0,23.0,24.0,23.0,22.0,28.0,36.0,24.0,23.0,32.0
Violencia Domestica Menores,Santa Comba Dão,,,,,,,,,,,,
Outros Violencia Domestica,Santa Comba Dão,,4.0,3.0,,,,,,,,,
Violencia Domestica Conjuge ou Analogo,São João da Pesqueira,,16.0,13.0,10.0,18.0,15.0,11.0,14.0,19.0,15.0,21.0,17.0
Violencia Domestica Menores,São João da Pesqueira,,,,,,,,,,,,
Outros Violencia Domestica,São João da Pesqueira,,4.0,3.0,4.0,,,3.0,,,,4.0,3.0
Violencia Domestica Conjuge ou Analogo,São Pedro do Sul,16.0,25.0,35.0,24.0,15.0,21.0,21.0,21.0,25.0,31.0,49.0,39.0
Violencia Domestica Menores,São Pedro do Sul,,,,,3.0,,,,,,,
Outros Violencia Domestica,São Pedro do Sul,,,,,3.0,5.0,9.0,,5.0,,3.0,
Violencia Domestica Conjuge ou Analogo,Sátão,12.0,11.0,20.0,13.0,15.0,11.0,13.0,10.0,10.0,15.0,29.0,23.0
Violencia Domestica Menores,Sátão,,,,,,,,,,,,
Outros Violencia Domestica,Sátão,,,,,,3.0,6.0,7.0,,,4.0,4.0
Violencia Domestica Conjuge ou Analogo,Sernancelhe,7.0,12.0,11.0,19.0,10.0,7.0,10.0,9.0,7.0,8.0,7.0,11.0
Violencia Domestica Menores,Sernancelhe,,,,,,,,,,,,
Outros Violencia Domestica,Sernancelhe,,,,3.0,,,,,,,,3.0
Violencia Domestica Conjuge ou Analogo,Tabuaço,6.0,12.0,9.0,9.0,14.0,5.0,15.0,19.0,5.0,12.0,14.0,14.0
Violencia Domestica Menores,Tabuaço,,,,,,,,,,,,
Outros Violencia Domestica,Tabuaço,,,,,,,,,,,,
Violencia Domestica Conjuge ou Analogo,Tarouca,6.0,6.0,14.0,11.0,9.0,16.0,18.0,11.0,16.0,13.0,17.0,14.0
Violencia Domestica Menores,Tarouca,,,,,,,,,,,,
Outros Violencia Domestica,Tarouca,,,,,3.0,,,7.0,4.0,4.0,,3.0
Violencia Domestica Conjuge ou Analogo,Tondela,31.0,21.0,47.0,39.0,50.0,39.0,39.0,43.0,42.0,31.0,39.0,49.0
Violencia Domestica Menores,Tondela,,3.0,,,,,,,,,,
Outros Violencia Domestica,Tondela,10.0,10.0,9.0,9.0,4.0,6.0,9.0,4.0,9.0,9.0,9.0,6.0
Violencia Domestica Conjuge ou Analogo,Vila Nova de Paiva,7.0,3.0,10.0,6.0,11.0,6.0,8.0,8.0,6.0,11.0,10.0,14.0
Violencia Domestica Menores,Vila Nova de Paiva,,,,,,,,,,,,
Outros Violencia Domestica,Vila Nova de Paiva,,,6.0,5.0,5.0,,,,,,,
Violencia Domestica Conjuge ou Analogo,Viseu,177.0,248.0,237.0,274.0,254.0,248.0,267.0,243.0,258.0,242.0,226.0,239.0
Violencia Domestica Menores,Viseu,18.0,8.0,4.0,6.0,4.0,,8.0,8.0,3.0,,5.0,4.0
Outros Violencia Domestica,Viseu,14.0,14.0,25.0,23.0,12.0,14.0,19.0,24.0,22.0,28.0,35.0,41.0
Violencia Domestica Conjuge ou Analogo,Vouzela,17.0,19.0,18.0,22.0,17.0,20.0,20.0,16.0,21.0,14.0,19.0,18.0
Violencia Domestica Menores,Vouzela,,,,,,,,,,,,
Outros Violencia Domestica,Vouzela,,,,,,,,,,,,8.0
Violencia Domestica Conjuge ou Analogo,Calheta (Madeira),19.0,14.0,13.0,22.0,12.0,19.0,15.0,19.0,27.0,21.0,12.0,12.0
Violencia Domestica Menores,Calheta (Madeira),3.0,,,,,,,,,,,
Outros Violencia Domestica,Calheta (Madeira),4.0,4.0,5.0,14.0,7.0,9.0,6.0,8.0,9.0,5.0,5.0,5.0
Violencia Domestica Conjuge ou Analogo,Câmara de Lobos,116.0,68.0,71.0,88.0,123.0,134.0,93.0,114.0,88.0,112.0,136.0,121.0
Violencia Domestica Menores,Câmara de Lobos,,,,3.0,,,,,,,,
Outros Violencia Domestica,Câmara de Lobos,18.0,5.0,9.0,25.0,21.0,27.0,23.0,35.0,28.0,54.0,28.0,26.0
Violencia Domestica Conjuge ou Analogo,Funchal,186.0,143.0,329.0,345.0,379.0,386.0,435.0,414.0,418.0,387.0,396.0,375.0
Violencia Domestica Menores,Funchal,12.0,6.0,9.0,15.0,14.0,13.0,13.0,11.0,7.0,10.0,,8.0
Outros Violencia Domestica,Funchal,10.0,38.0,77.0,101.0,71.0,75.0,60.0,58.0,111.0,72.0,31.0,45.0
Violencia Domestica Conjuge ou Analogo,Machico,21.0,50.0,47.0,78.0,64.0,74.0,123.0,103.0,111.0,112.0,60.0,46.0
Violencia Domestica Menores,Machico,,,,,,,,3.0,3.0,,,3.0
Outros Violencia Domestica,Machico,15.0,11.0,28.0,26.0,41.0,31.0,41.0,36.0,35.0,40.0,22.0,13.0
Violencia Domestica Conjuge ou Analogo,Ponta do Sol,6.0,12.0,15.0,20.0,11.0,23.0,16.0,18.0,15.0,13.0,,12.0
Violencia Domestica Menores,Ponta do Sol,,,,,,,,,,,,
Outros Violencia Domestica,Ponta do Sol,3.0,,6.0,6.0,7.0,5.0,,3.0,,,,
Violencia Domestica Conjuge ou Analogo,Porto Moniz,7.0,7.0,12.0,13.0,13.0,5.0,9.0,17.0,6.0,6.0,10.0,3.0
Violencia Domestica Menores,Porto Moniz,,,,,,,,,,,,
Outros Violencia Domestica,Porto Moniz,,,,,5.0,,,3.0,,,,
Violencia Domestica Conjuge ou Analogo,Porto Santo,13.0,8.0,15.0,11.0,9.0,15.0,10.0,17.0,18.0,6.0,14.0,22.0
Violencia Domestica Menores,Porto Santo,,,,,,,,,,,,
Outros Violencia Domestica,Porto Santo,,,3.0,,,3.0,5.0,,6.0,,6.0,3.0
Violencia Domestica Conjuge ou Analogo,Ribeira Brava,38.0,29.0,38.0,37.0,47.0,54.0,39.0,58.0,32.0,45.0,43.0,32.0
Violencia Domestica Menores,Ribeira Brava,,,,,,,,,,,,
Outros Violencia Domestica,Ribeira Brava,,6.0,13.0,20.0,16.0,8.0,13.0,10.0,11.0,16.0,7.0,3.0
Violencia Domestica Conjuge ou Analogo,São Vicente,5.0,8.0,10.0,12.0,18.0,31.0,12.0,18.0,13.0,12.0,7.0,6.0
Violencia Domestica Menores,São Vicente,,,,,,,,,,,,
Outros Violencia Domestica,São Vicente,4.0,,4.0,4.0,3.0,8.0,7.0,8.0,10.0,,,4.0
Violencia Domestica Conjuge ou Analogo,Santa Cruz,,28.0,57.0,66.0,75.0,67.0,37.0,66.0,55.0,35.0,56.0,75.0
Violencia Domestica Menores,Santa Cruz,,8.0,3.0,4.0,,,3.0,,,,,
Outros Violencia Domestica,Santa Cruz,,6.0,29.0,15.0,24.0,19.0,24.0,19.0,21.0,19.0,23.0,22.0
Violencia Domestica Conjuge ou Analogo,Santana,17.0,12.0,30.0,24.0,16.0,24.0,31.0,14.0,8.0,9.0,4.0,14.0
Violencia Domestica Menores,Santana,,,,,,,,,,,,
Outros Violencia Domestica,Santana,,10.0,6.0,8.0,11.0,10.0,8.0,,,,5.0,
Violencia Domestica Conjuge ou Analogo,Angra do Heroísmo,78.0,81.0,102.0,96.0,118.0,104.0,103.0,63.0,79.0,93.0,92.0,115.0
Violencia Domestica Menores,Angra do Heroísmo,,,4.0,6.0,6.0,,7.0,,,,,
Outros Violencia Domestica,Angra do Heroísmo,7.0,5.0,23.0,14.0,17.0,12.0,21.0,6.0,10.0,10.0,12.0,21.0
Violencia Domestica Conjuge ou Analogo,Calheta (Açores),7.0,9.0,8.0,8.0,6.0,3.0,,3.0,3.0,12.0,9.0,4.0
Violencia Domestica Menores,Calheta (Açores),,,,,,,,,,,,
Outros Violencia Domestica,Calheta (Açores),,4.0,12.0,4.0,6.0,5.0,,,,4.0,3.0,
Violencia Domestica Conjuge ou Analogo,Corvo,,,,,,,,3.0,,,,
Violencia Domestica Conjuge ou Analogo,Horta,46.0,43.0,67.0,51.0,36.0,45.0,33.0,39.0,47.0,41.0,33.0,37.0
Violencia Domestica Menores,Horta,4.0,,,,,,,3.0,,,3.0,
Outros Violencia Domestica,Horta,12.0,25.0,3.0,3.0,16.0,13.0,13.0,10.0,17.0,8.0,13.0,16.0
Violencia Domestica Conjuge ou Analogo,Lagoa (Açores),91.0,177.0,113.0,87.0,66.0,48.0,40.0,35.0,59.0,67.0,41.0,56.0
Violencia Domestica Menores,Lagoa (Açores),3.0,,,,,,,,,,,
Outros Violencia Domestica,Lagoa (Açores),3.0,10.0,49.0,15.0,10.0,4.0,3.0,6.0,5.0,17.0,10.0,12.0
Violencia Domestica Conjuge ou Analogo,Lajes das Flores,,9.0,4.0,,3.0,3.0,8.0,,,,,3.0
Violencia Domestica Menores,Lajes das Flores,,,,,,,,,,,,
Outros Violencia Domestica,Lajes das Flores,,,,,,,,,,,,
Violencia Domestica Conjuge ou Analogo,Lajes do Pico,8.0,8.0,8.0,7.0,4.0,9.0,8.0,4.0,10.0,8.0,4.0,
Violencia Domestica Menores,Lajes do Pico,,,,,,,,,,,,
Outros Violencia Domestica,Lajes do Pico,,,,3.0,3.0,,3.0,,,3.0,,
Violencia Domestica Conjuge ou Analogo,Madalena,24.0,9.0,20.0,15.0,12.0,13.0,13.0,13.0,18.0,7.0,8.0,10.0
Violencia Domestica Menores,Madalena,,,,,,,,,,,,
Outros Violencia Domestica,Madalena,,,,4.0,8.0,3.0,5.0,,8.0,3.0,5.0,5.0
Violencia Domestica Conjuge ou Analogo,Nordeste,17.0,35.0,7.0,22.0,15.0,14.0,21.0,17.0,14.0,8.0,16.0,18.0
Violencia Domestica Menores,Nordeste,,,,,,,,,,,,
Outros Violencia Domestica,Nordeste,15.0,16.0,,,15.0,5.0,4.0,5.0,,,,
Violencia Domestica Conjuge ou Analogo,Ponta Delgada,355.0,391.0,355.0,370.0,309.0,311.0,295.0,268.0,288.0,266.0,229.0,257.0
Violencia Domestica Menores,Ponta Delgada,4.0,7.0,14.0,3.0,5.0,10.0,6.0,5.0,5.0,14.0,5.0,3.0
Outros Violencia Domestica,Ponta Delgada,36.0,28.0,53.0,96.0,85.0,65.0,66.0,46.0,53.0,27.0,13.0,20.0
Violencia Domestica Conjuge ou Analogo,Povoação,37.0,36.0,25.0,19.0,30.0,24.0,23.0,16.0,26.0,21.0,10.0,20.0
Violencia Domestica Menores,Povoação,,,,,,,,,,,,
Outros Violencia Domestica,Povoação,3.0,,4.0,5.0,10.0,13.0,15.0,4.0,,3.0,,3.0
Violencia Domestica Conjuge ou Analogo,Ribeira Grande,227.0,181.0,104.0,146.0,152.0,193.0,180.0,195.0,160.0,199.0,226.0,152.0
Violencia Domestica Menores,Ribeira Grande,11.0,4.0,5.0,8.0,7.0,7.0,5.0,7.0,3.0,10.0,6.0,14.0
Outros Violencia Domestica,Ribeira Grande,23.0,30.0,37.0,47.0,46.0,50.0,37.0,36.0,33.0,25.0,23.0,27.0
Violencia Domestica Conjuge ou Analogo,São Roque do Pico,14.0,14.0,17.0,8.0,16.0,15.0,6.0,9.0,8.0,5.0,9.0,7.0
Outros Violencia Domestica,São Roque do Pico,,,,,,,,,,,,
Violencia Domestica Conjuge ou Analogo,Santa Cruz  Graciosa (R.A.A),,3.0,10.0,7.0,9.0,14.0,13.0,12.0,11.0,11.0,21.0,14.0
Violencia Domestica Menores,Santa Cruz  Graciosa (R.A.A),,,,,,,,,,,,
Outros Violencia Domestica,Santa Cruz  Graciosa (R.A.A),,,3.0,5.0,3.0,,,,3.0,7.0,3.0,4.0
Violencia Domestica Conjuge ou Analogo,Santa Cruz das Flores,7.0,6.0,5.0,12.0,6.0,10.0,14.0,11.0,10.0,12.0,7.0,11.0
Violencia Domestica Menores,Santa Cruz das Flores,,,,,,,,,,,,
Outros Violencia Domestica,Santa Cruz das Flores,,,,,,,,,4.0,3.0,,6.0
Violencia Domestica Conjuge ou Analogo,Velas (R.A.A.),,3.0,,7.0,10.0,12.0,12.0,8.0,14.0,12.0,11.0,15.0
Violencia Domestica Menores,Velas (R.A.A.),,,,,,,,,,,,
Outros Violencia Domestica,Velas (R.A.A.),,,,3.0,,8.0,9.0,10.0,6.0,4.0,4.0,5.0
Violencia Domestica Conjuge ou Analogo,Vila Praia da Vitória,6.0,34.0,69.0,69.0,72.0,57.0,83.0,69.0,56.0,82.0,79.0,71.0
Violencia Domestica Menores,Vila Praia da Vitória,,,,3.0,6.0,,,3.0,,3.0,,
Outros Violencia Domestica,Vila Praia da Vitória,,8.0,9.0,4.0,4.0,4.0,5.0,6.0,7.0,8.0,5.0,3.0
Violencia Domestica Conjuge ou Analogo,Vila do Porto,14.0,16.0,8.0,20.0,18.0,17.0,6.0,15.0,11.0,9.0,12.0,11.0
Violencia Domestica Menores,Vila do Porto,,,,,,,,,,,,
Outros Violencia Domestica,Vila do Porto,,,,5.0,5.0,,3.0,3.0,8.0,,4.0,
Violencia Domestica Conjuge ou Analogo,Vila Franca do Campo,30.0,54.0,47.0,55.0,33.0,29.0,19.0,30.0,24.0,37.0,22.0,35.0
Violencia Domestica Menores,Vila Franca do Campo,,,,3.0,,,,,,,,
Outros Violencia Domestica,Vila Franca do Campo,,3.0,9.0,4.0,6.0,5.0,3.0,3.0,,5.0,,4.0
Violencia Domestica Conjuge ou Analogo,N.E.,10.0,16.0,8.0,3.0,48.0,47.0,44.0,39.0,44.0,39.0,44.0,20.0
Violencia Domestica Menores,N.E.,,,,,,,,,,,,
Outros Violencia Domestica,N.E.,,,,,13.0,8.0,12.0,7.0,7.0,3.0,6.0,3.0
